RootHistBinID,CovCSVId,SumTp Lower Bin Boundary (GeV), SumTp Upper Bin Boundary (GeV), q0_qe Lower Bin Boundary (GeV), q0_qe Upper Bin Boundary (GeV), Muon Energy Lower Bin Boundary (GeV), Muon Energy Upper Bin Boundary (GeV), cross section (cm^2/nucleon/(GeV^3)), statistical uncertainty (cm^2/nucleon/(GeV^3)), total uncertainty (cm^2/nucleon/(GeV^3))
145,0,0.000,0.020,0.000,0.040,1.500,3.500,3.348018e-39,3.082618e-40,5.418723e-40
277,1,0.000,0.020,0.000,0.040,3.500,4.500,5.675148e-39,5.887025e-40,8.880497e-40
409,2,0.000,0.020,0.000,0.040,4.500,7.000,7.496569e-39,3.880770e-40,9.079083e-40
541,3,0.000,0.020,0.000,0.040,7.000,8.000,4.208029e-39,4.278074e-40,6.136674e-40
673,4,0.000,0.020,0.000,0.040,8.000,10.000,1.553286e-39,2.031458e-40,2.878223e-40
805,5,0.000,0.020,0.000,0.040,10.000,20.000,3.035856e-40,3.893548e-41,4.972029e-41
157,6,0.000,0.020,0.040,0.080,1.500,3.500,2.931241e-38,8.812203e-40,3.880481e-39
289,7,0.000,0.020,0.040,0.080,3.500,4.500,5.430591e-38,1.752692e-39,6.330314e-39
421,8,0.000,0.020,0.040,0.080,4.500,7.000,6.156296e-38,1.091757e-39,6.679360e-39
553,9,0.000,0.020,0.040,0.080,7.000,8.000,3.608827e-38,1.268015e-39,4.349878e-39
685,10,0.000,0.020,0.040,0.080,8.000,10.000,1.220546e-38,5.456672e-40,1.825677e-39
817,11,0.000,0.020,0.040,0.080,10.000,20.000,1.464441e-39,8.765950e-41,1.718701e-40
169,12,0.000,0.020,0.080,0.120,1.500,3.500,2.098023e-38,8.537565e-40,3.009561e-39
301,13,0.000,0.020,0.080,0.120,3.500,4.500,3.690114e-38,1.531311e-39,5.162299e-39
433,14,0.000,0.020,0.080,0.120,4.500,7.000,4.328727e-38,9.823289e-40,5.225221e-39
565,15,0.000,0.020,0.080,0.120,7.000,8.000,2.524953e-38,1.025325e-39,3.607488e-39
697,16,0.000,0.020,0.080,0.120,8.000,10.000,9.162523e-39,4.808081e-40,1.558881e-39
829,17,0.000,0.020,0.080,0.120,10.000,20.000,1.088542e-39,7.422245e-41,1.539989e-40
181,18,0.000,0.020,0.120,0.160,1.500,3.500,1.208483e-38,7.049696e-40,1.663224e-39
313,19,0.000,0.020,0.120,0.160,3.500,4.500,2.258524e-38,1.199058e-39,3.114635e-39
445,20,0.000,0.020,0.120,0.160,4.500,7.000,2.606086e-38,7.521727e-40,3.268301e-39
577,21,0.000,0.020,0.120,0.160,7.000,8.000,1.455213e-38,7.289964e-40,2.334124e-39
709,22,0.000,0.020,0.120,0.160,8.000,10.000,5.091557e-39,3.018286e-40,9.374640e-40
841,23,0.000,0.020,0.120,0.160,10.000,20.000,5.366969e-40,4.507910e-41,8.614411e-41
193,24,0.000,0.020,0.160,0.240,1.500,3.500,5.657588e-39,3.703813e-40,8.090126e-40
325,25,0.000,0.020,0.160,0.240,3.500,4.500,1.034633e-38,5.870745e-40,1.371543e-39
457,26,0.000,0.020,0.160,0.240,4.500,7.000,1.134683e-38,3.589625e-40,1.349651e-39
589,27,0.000,0.020,0.160,0.240,7.000,8.000,6.385407e-39,3.459722e-40,1.018478e-39
721,28,0.000,0.020,0.160,0.240,8.000,10.000,2.270765e-39,1.477885e-40,4.711715e-40
853,29,0.000,0.020,0.160,0.240,10.000,20.000,2.272940e-40,2.002427e-41,3.772355e-41
205,30,0.000,0.020,0.240,0.320,1.500,3.500,1.699584e-39,1.936386e-40,3.166618e-40
337,31,0.000,0.020,0.240,0.320,3.500,4.500,3.875094e-39,3.369599e-40,5.878615e-40
469,32,0.000,0.020,0.240,0.320,4.500,7.000,4.037865e-39,1.982096e-40,5.745935e-40
601,33,0.000,0.020,0.240,0.320,7.000,8.000,2.106405e-39,1.647242e-40,4.264149e-40
733,34,0.000,0.020,0.240,0.320,8.000,10.000,8.638888e-40,7.367273e-41,1.996765e-40
865,35,0.000,0.020,0.240,0.320,10.000,20.000,1.166894e-40,1.146329e-41,1.881898e-41
217,36,0.000,0.020,0.320,0.400,1.500,3.500,8.624655e-40,1.467774e-40,1.934479e-40
349,37,0.000,0.020,0.320,0.400,3.500,4.500,1.592419e-39,1.924085e-40,3.088340e-40
481,38,0.000,0.020,0.320,0.400,4.500,7.000,1.713192e-39,1.086574e-40,2.749055e-40
613,39,0.000,0.020,0.320,0.400,7.000,8.000,8.688656e-40,8.843812e-41,1.998361e-40
745,40,0.000,0.020,0.320,0.400,8.000,10.000,3.856806e-40,4.717033e-41,1.024351e-40
877,41,0.000,0.020,0.320,0.400,10.000,20.000,7.006585e-41,9.765162e-42,1.581098e-41
229,42,0.000,0.020,0.400,0.600,1.500,3.500,3.118431e-40,6.484681e-41,9.151179e-41
361,43,0.000,0.020,0.400,0.600,3.500,4.500,7.462842e-40,1.029903e-40,1.720580e-40
493,44,0.000,0.020,0.400,0.600,4.500,7.000,7.093883e-40,5.105204e-41,1.317212e-40
625,45,0.000,0.020,0.400,0.600,7.000,8.000,4.049374e-40,4.426184e-41,8.003463e-41
757,46,0.000,0.020,0.400,0.600,8.000,10.000,1.741355e-40,2.249497e-41,4.220794e-41
889,47,0.000,0.020,0.400,0.600,10.000,20.000,4.648314e-41,6.009553e-42,1.026396e-41
241,48,0.000,0.020,0.600,0.799,1.500,3.500,1.005799e-40,3.429438e-41,4.326143e-41
373,49,0.000,0.020,0.600,0.799,3.500,4.500,2.755626e-40,5.238871e-41,7.764376e-41
505,50,0.000,0.020,0.600,0.799,4.500,7.000,2.537953e-40,2.617412e-41,6.273082e-41
637,51,0.000,0.020,0.600,0.799,7.000,8.000,1.320342e-40,2.062850e-41,4.727907e-41
769,52,0.000,0.020,0.600,0.799,8.000,10.000,1.172387e-40,1.948752e-41,3.175085e-41
901,53,0.000,0.020,0.600,0.799,10.000,20.000,3.081748e-41,5.762828e-42,8.626042e-42
146,54,0.020,0.040,0.000,0.040,1.500,3.500,1.391780e-39,1.986275e-40,2.926277e-40
278,55,0.020,0.040,0.000,0.040,3.500,4.500,2.223841e-39,3.113634e-40,4.308135e-40
410,56,0.020,0.040,0.000,0.040,4.500,7.000,2.496835e-39,2.129401e-40,3.618809e-40
542,57,0.020,0.040,0.000,0.040,7.000,8.000,1.426614e-39,1.837482e-40,2.478144e-40
674,58,0.020,0.040,0.000,0.040,8.000,10.000,5.954027e-40,9.888561e-41,1.257367e-40
806,59,0.020,0.040,0.000,0.040,10.000,20.000,4.753667e-41,1.200421e-41,1.379676e-41
158,60,0.020,0.040,0.040,0.080,1.500,3.500,2.005433e-38,7.812116e-40,2.763915e-39
290,61,0.020,0.040,0.040,0.080,3.500,4.500,3.903975e-38,1.439987e-39,4.671040e-39
422,62,0.020,0.040,0.040,0.080,4.500,7.000,4.408463e-38,9.523676e-40,4.628943e-39
554,63,0.020,0.040,0.040,0.080,7.000,8.000,2.522030e-38,9.041419e-40,2.907546e-39
686,64,0.020,0.040,0.040,0.080,8.000,10.000,8.650295e-39,4.190168e-40,1.202638e-39
818,65,0.020,0.040,0.040,0.080,10.000,20.000,1.064766e-39,7.138478e-41,1.359763e-40
170,66,0.020,0.040,0.080,0.120,1.500,3.500,1.957906e-38,7.820724e-40,2.522203e-39
302,67,0.020,0.040,0.080,0.120,3.500,4.500,3.198094e-38,1.222328e-39,3.892561e-39
434,68,0.020,0.040,0.080,0.120,4.500,7.000,3.754241e-38,8.279485e-40,4.089091e-39
566,69,0.020,0.040,0.080,0.120,7.000,8.000,2.183727e-38,8.406257e-40,2.858560e-39
698,70,0.020,0.040,0.080,0.120,8.000,10.000,7.762293e-39,3.520883e-40,1.227204e-39
830,71,0.020,0.040,0.080,0.120,10.000,20.000,9.300274e-40,5.661075e-41,1.218157e-40
182,72,0.020,0.040,0.120,0.160,1.500,3.500,1.256008e-38,6.525417e-40,1.783616e-39
314,73,0.020,0.040,0.120,0.160,3.500,4.500,2.013996e-38,9.543883e-40,2.404295e-39
446,74,0.020,0.040,0.120,0.160,4.500,7.000,2.420102e-38,6.160307e-40,2.836611e-39
578,75,0.020,0.040,0.120,0.160,7.000,8.000,1.178528e-38,4.990748e-40,1.886267e-39
710,76,0.020,0.040,0.120,0.160,8.000,10.000,4.720966e-39,2.542427e-40,8.428530e-40
842,77,0.020,0.040,0.120,0.160,10.000,20.000,5.952906e-40,3.821854e-41,9.035355e-41
194,78,0.020,0.040,0.160,0.240,1.500,3.500,5.199073e-39,3.060990e-40,7.405821e-40
326,79,0.020,0.040,0.160,0.240,3.500,4.500,9.299075e-39,4.353048e-40,1.176592e-39
458,80,0.020,0.040,0.160,0.240,4.500,7.000,1.023736e-38,2.826006e-40,1.307440e-39
590,81,0.020,0.040,0.160,0.240,7.000,8.000,5.286202e-39,2.253913e-40,8.579394e-40
722,82,0.020,0.040,0.160,0.240,8.000,10.000,1.767452e-39,1.007638e-40,3.115563e-40
854,83,0.020,0.040,0.160,0.240,10.000,20.000,2.227099e-40,1.871482e-41,3.906039e-41
206,84,0.020,0.040,0.240,0.320,1.500,3.500,1.963716e-39,1.903726e-40,3.140066e-40
338,85,0.020,0.040,0.240,0.320,3.500,4.500,3.542467e-39,2.726473e-40,5.527151e-40
470,86,0.020,0.040,0.240,0.320,4.500,7.000,3.536972e-39,1.450170e-40,4.748644e-40
602,87,0.020,0.040,0.240,0.320,7.000,8.000,1.592901e-39,1.036599e-40,3.163891e-40
734,88,0.020,0.040,0.240,0.320,8.000,10.000,6.351280e-40,5.394406e-41,1.342807e-40
866,89,0.020,0.040,0.240,0.320,10.000,20.000,9.518655e-41,9.405434e-42,1.698423e-41
218,90,0.020,0.040,0.320,0.400,1.500,3.500,8.928538e-40,1.219126e-40,1.742783e-40
350,91,0.020,0.040,0.320,0.400,3.500,4.500,1.666622e-39,1.940856e-40,2.813794e-40
482,92,0.020,0.040,0.320,0.400,4.500,7.000,1.580527e-39,8.598671e-41,2.136399e-40
614,93,0.020,0.040,0.320,0.400,7.000,8.000,7.455367e-40,5.828572e-41,1.812276e-40
746,94,0.020,0.040,0.320,0.400,8.000,10.000,2.667038e-40,2.812146e-41,7.349359e-41
878,95,0.020,0.040,0.320,0.400,10.000,20.000,5.174345e-41,5.786449e-42,1.102413e-41
230,96,0.020,0.040,0.400,0.600,1.500,3.500,3.015839e-40,5.114590e-41,7.497506e-41
362,97,0.020,0.040,0.400,0.600,3.500,4.500,6.560333e-40,7.449645e-41,1.150894e-40
494,98,0.020,0.040,0.400,0.600,4.500,7.000,6.200609e-40,3.982375e-41,1.006669e-40
626,99,0.020,0.040,0.400,0.600,7.000,8.000,2.425239e-40,2.566457e-41,5.044357e-41
758,100,0.020,0.040,0.400,0.600,8.000,10.000,1.166537e-40,1.248033e-41,2.793409e-41
890,101,0.020,0.040,0.400,0.600,10.000,20.000,2.055994e-41,2.762578e-42,5.253983e-42
242,102,0.020,0.040,0.600,0.799,1.500,3.500,8.644463e-41,2.604753e-41,3.730756e-41
374,103,0.020,0.040,0.600,0.799,3.500,4.500,3.960629e-40,6.884323e-41,9.716345e-41
506,104,0.020,0.040,0.600,0.799,4.500,7.000,2.684191e-40,2.565951e-41,6.114846e-41
638,105,0.020,0.040,0.600,0.799,7.000,8.000,9.432173e-41,1.578781e-41,3.767132e-41
770,106,0.020,0.040,0.600,0.799,8.000,10.000,3.722887e-41,8.288414e-42,1.113797e-41
902,107,0.020,0.040,0.600,0.799,10.000,20.000,1.300343e-41,2.327457e-42,3.475956e-42
147,108,0.040,0.080,0.000,0.040,1.500,3.500,8.825527e-40,1.334007e-40,1.942324e-40
279,109,0.040,0.080,0.000,0.040,3.500,4.500,1.107237e-39,2.025289e-40,2.583603e-40
411,110,0.040,0.080,0.000,0.040,4.500,7.000,1.110291e-39,1.261224e-40,1.766612e-40
543,111,0.040,0.080,0.000,0.040,7.000,8.000,5.562839e-40,1.010838e-40,1.230359e-40
675,112,0.040,0.080,0.000,0.040,8.000,10.000,2.266321e-40,4.726093e-41,6.189285e-41
807,113,0.040,0.080,0.000,0.040,10.000,20.000,3.471811e-41,9.778789e-42,1.128224e-41
159,114,0.040,0.080,0.040,0.080,1.500,3.500,1.407823e-38,4.803092e-40,2.039265e-39
291,115,0.040,0.080,0.040,0.080,3.500,4.500,2.500119e-38,8.752003e-40,3.226021e-39
423,116,0.040,0.080,0.040,0.080,4.500,7.000,2.665570e-38,5.374066e-40,2.871067e-39
555,117,0.040,0.080,0.040,0.080,7.000,8.000,1.498797e-38,5.449860e-40,1.672356e-39
687,118,0.040,0.080,0.040,0.080,8.000,10.000,5.427806e-39,2.616493e-40,7.419613e-40
819,119,0.040,0.080,0.040,0.080,10.000,20.000,6.713226e-40,4.228633e-41,7.790494e-41
171,120,0.040,0.080,0.080,0.120,1.500,3.500,1.947202e-38,5.805591e-40,2.364991e-39
303,121,0.040,0.080,0.080,0.120,3.500,4.500,3.341252e-38,1.005848e-39,3.844606e-39
435,122,0.040,0.080,0.080,0.120,4.500,7.000,3.750136e-38,6.271508e-40,3.891891e-39
567,123,0.040,0.080,0.080,0.120,7.000,8.000,2.067061e-38,6.283862e-40,2.356914e-39
699,124,0.040,0.080,0.080,0.120,8.000,10.000,6.906215e-39,2.746687e-40,9.896961e-40
831,125,0.040,0.080,0.080,0.120,10.000,20.000,8.087226e-40,4.153322e-41,9.069756e-41
183,126,0.040,0.080,0.120,0.160,1.500,3.500,1.406749e-38,5.111610e-40,1.733033e-39
315,127,0.040,0.080,0.120,0.160,3.500,4.500,2.414675e-38,8.262832e-40,2.896001e-39
447,128,0.040,0.080,0.120,0.160,4.500,7.000,2.812538e-38,5.230411e-40,3.037443e-39
579,129,0.040,0.080,0.120,0.160,7.000,8.000,1.469020e-38,4.813191e-40,2.031825e-39
711,130,0.040,0.080,0.120,0.160,8.000,10.000,5.388818e-39,2.102341e-40,8.101485e-40
843,131,0.040,0.080,0.120,0.160,10.000,20.000,6.510936e-40,3.201787e-41,8.551143e-41
195,132,0.040,0.080,0.160,0.240,1.500,3.500,7.759297e-39,2.897265e-40,9.484468e-40
327,133,0.040,0.080,0.160,0.240,3.500,4.500,1.200308e-38,4.219830e-40,1.437809e-39
459,134,0.040,0.080,0.160,0.240,4.500,7.000,1.470462e-38,2.753758e-40,1.749230e-39
591,135,0.040,0.080,0.160,0.240,7.000,8.000,7.842954e-39,2.668655e-40,1.253558e-39
723,136,0.040,0.080,0.160,0.240,8.000,10.000,2.710314e-39,1.078736e-40,4.770290e-40
855,137,0.040,0.080,0.160,0.240,10.000,20.000,3.403406e-40,1.776382e-41,4.704631e-41
207,138,0.040,0.080,0.240,0.320,1.500,3.500,2.521970e-39,1.656218e-40,3.470289e-40
339,139,0.040,0.080,0.240,0.320,3.500,4.500,4.085631e-39,2.179966e-40,5.646707e-40
471,140,0.040,0.080,0.240,0.320,4.500,7.000,4.667541e-39,1.392021e-40,6.220464e-40
603,141,0.040,0.080,0.240,0.320,7.000,8.000,2.291070e-39,1.176527e-40,5.001225e-40
735,142,0.040,0.080,0.240,0.320,8.000,10.000,7.627419e-40,4.405272e-41,1.663744e-40
867,143,0.040,0.080,0.240,0.320,10.000,20.000,1.203240e-40,8.868887e-42,2.156307e-41
219,144,0.040,0.080,0.320,0.400,1.500,3.500,1.224587e-39,1.202111e-40,1.888466e-40
351,145,0.040,0.080,0.320,0.400,3.500,4.500,2.164728e-39,1.513339e-40,3.025350e-40
483,146,0.040,0.080,0.320,0.400,4.500,7.000,2.070972e-39,7.992978e-41,2.935059e-40
615,147,0.040,0.080,0.320,0.400,7.000,8.000,8.377036e-40,5.316391e-41,1.844469e-40
747,148,0.040,0.080,0.320,0.400,8.000,10.000,3.033845e-40,2.385965e-41,7.519540e-41
879,149,0.040,0.080,0.320,0.400,10.000,20.000,4.581186e-41,3.874426e-42,9.129539e-42
231,150,0.040,0.080,0.400,0.600,1.500,3.500,6.125903e-40,6.725957e-41,1.172305e-40
363,151,0.040,0.080,0.400,0.600,3.500,4.500,1.051779e-39,8.303478e-41,1.865967e-40
495,152,0.040,0.080,0.400,0.600,4.500,7.000,8.990505e-40,4.055281e-41,1.582020e-40
627,153,0.040,0.080,0.400,0.600,7.000,8.000,3.567236e-40,2.832184e-41,8.278946e-41
759,154,0.040,0.080,0.400,0.600,8.000,10.000,1.465916e-40,1.356697e-41,3.862400e-41
891,155,0.040,0.080,0.400,0.600,10.000,20.000,2.007398e-41,1.891439e-42,4.967380e-42
243,156,0.040,0.080,0.600,0.799,1.500,3.500,1.881580e-40,3.892638e-41,5.524113e-41
375,157,0.040,0.080,0.600,0.799,3.500,4.500,6.504792e-40,8.062335e-41,1.781367e-40
507,158,0.040,0.080,0.600,0.799,4.500,7.000,4.549025e-40,3.239315e-41,1.221686e-40
639,159,0.040,0.080,0.600,0.799,7.000,8.000,1.433863e-40,1.774520e-41,4.262235e-41
771,160,0.040,0.080,0.600,0.799,8.000,10.000,5.870978e-41,7.770075e-42,1.930031e-41
903,161,0.040,0.080,0.600,0.799,10.000,20.000,7.488195e-42,9.935178e-43,2.331951e-42
148,162,0.080,0.120,0.000,0.040,1.500,3.500,9.953706e-40,1.354260e-40,1.936095e-40
280,163,0.080,0.120,0.000,0.040,3.500,4.500,9.720479e-40,1.814984e-40,2.501698e-40
412,164,0.080,0.120,0.000,0.040,4.500,7.000,1.201097e-39,1.305377e-40,1.907262e-40
544,165,0.080,0.120,0.000,0.040,7.000,8.000,6.252478e-40,1.128814e-40,1.477383e-40
676,166,0.080,0.120,0.000,0.040,8.000,10.000,2.740614e-40,6.852293e-41,8.369854e-41
808,167,0.080,0.120,0.000,0.040,10.000,20.000,5.235506e-41,1.300049e-41,1.708744e-41
160,168,0.080,0.120,0.040,0.080,1.500,3.500,7.514074e-39,3.666231e-40,1.203766e-39
292,169,0.080,0.120,0.040,0.080,3.500,4.500,1.173970e-38,5.773570e-40,1.820749e-39
424,170,0.080,0.120,0.040,0.080,4.500,7.000,1.284596e-38,3.844999e-40,1.589894e-39
556,171,0.080,0.120,0.040,0.080,7.000,8.000,7.341752e-39,3.609318e-40,9.226292e-40
688,172,0.080,0.120,0.040,0.080,8.000,10.000,2.652963e-39,1.779232e-40,4.719596e-40
820,173,0.080,0.120,0.040,0.080,10.000,20.000,3.388755e-40,2.972564e-41,4.820547e-41
172,174,0.080,0.120,0.080,0.120,1.500,3.500,1.374170e-38,4.791930e-40,1.993189e-39
304,175,0.080,0.120,0.080,0.120,3.500,4.500,2.595144e-38,8.459227e-40,3.238918e-39
436,176,0.080,0.120,0.080,0.120,4.500,7.000,2.770704e-38,5.251930e-40,2.911572e-39
568,177,0.080,0.120,0.080,0.120,7.000,8.000,1.522164e-38,4.973212e-40,1.752249e-39
700,178,0.080,0.120,0.080,0.120,8.000,10.000,5.044559e-39,2.313448e-40,6.974683e-40
832,179,0.080,0.120,0.080,0.120,10.000,20.000,6.119543e-40,3.652895e-41,7.307456e-41
184,180,0.080,0.120,0.120,0.160,1.500,3.500,1.474774e-38,5.124986e-40,1.809213e-39
316,181,0.080,0.120,0.120,0.160,3.500,4.500,2.526522e-38,8.205442e-40,2.958629e-39
448,182,0.080,0.120,0.120,0.160,4.500,7.000,2.880123e-38,5.227271e-40,2.969675e-39
580,183,0.080,0.120,0.120,0.160,7.000,8.000,1.570710e-38,4.930199e-40,1.889674e-39
712,184,0.080,0.120,0.120,0.160,8.000,10.000,5.569373e-39,2.227857e-40,7.678321e-40
844,185,0.080,0.120,0.120,0.160,10.000,20.000,6.125779e-40,2.926408e-41,7.591788e-41
196,186,0.080,0.120,0.160,0.240,1.500,3.500,9.718302e-39,3.119362e-40,1.114591e-39
328,187,0.080,0.120,0.160,0.240,3.500,4.500,1.595514e-38,4.644527e-40,1.929082e-39
460,188,0.080,0.120,0.160,0.240,4.500,7.000,1.902707e-38,3.026283e-40,2.112412e-39
592,189,0.080,0.120,0.160,0.240,7.000,8.000,1.016752e-38,2.915869e-40,1.465014e-39
724,190,0.080,0.120,0.160,0.240,8.000,10.000,3.607912e-39,1.251088e-40,5.962496e-40
856,191,0.080,0.120,0.160,0.240,10.000,20.000,4.739351e-40,2.105728e-41,6.146878e-41
208,192,0.080,0.120,0.240,0.320,1.500,3.500,4.173701e-39,2.130929e-40,5.628046e-40
340,193,0.080,0.120,0.240,0.320,3.500,4.500,7.450617e-39,3.229700e-40,1.023482e-39
472,194,0.080,0.120,0.240,0.320,4.500,7.000,7.999954e-39,1.881104e-40,1.098748e-39
604,195,0.080,0.120,0.240,0.320,7.000,8.000,3.945305e-39,1.666438e-40,8.062238e-40
736,196,0.080,0.120,0.240,0.320,8.000,10.000,1.325039e-39,6.827411e-41,2.696842e-40
868,197,0.080,0.120,0.240,0.320,10.000,20.000,1.918022e-40,1.164366e-41,3.230936e-41
220,198,0.080,0.120,0.320,0.400,1.500,3.500,1.590095e-39,1.184858e-40,2.840359e-40
352,199,0.080,0.120,0.320,0.400,3.500,4.500,2.813830e-39,1.618690e-40,4.392708e-40
484,200,0.080,0.120,0.320,0.400,4.500,7.000,2.760807e-39,8.522721e-41,4.492952e-40
616,201,0.080,0.120,0.320,0.400,7.000,8.000,1.170647e-39,6.486926e-41,2.588421e-40
748,202,0.080,0.120,0.320,0.400,8.000,10.000,3.950058e-40,2.323854e-41,9.713585e-41
880,203,0.080,0.120,0.320,0.400,10.000,20.000,5.670543e-41,3.857669e-42,1.298380e-41
232,204,0.080,0.120,0.400,0.600,1.500,3.500,5.752111e-40,5.741910e-41,1.421770e-40
364,205,0.080,0.120,0.400,0.600,3.500,4.500,1.361988e-39,8.710396e-41,3.315951e-40
496,206,0.080,0.120,0.400,0.600,4.500,7.000,1.106993e-39,4.057213e-41,2.708160e-40
628,207,0.080,0.120,0.400,0.600,7.000,8.000,3.898070e-40,2.478687e-41,1.199432e-40
760,208,0.080,0.120,0.400,0.600,8.000,10.000,1.538847e-40,1.111793e-41,4.205541e-41
892,209,0.080,0.120,0.400,0.600,10.000,20.000,2.207749e-41,2.065618e-42,5.786078e-42
244,210,0.080,0.120,0.600,0.799,1.500,3.500,2.033640e-40,3.822798e-41,7.305351e-41
376,211,0.080,0.120,0.600,0.799,3.500,4.500,8.290659e-40,8.194070e-41,3.015899e-40
508,212,0.080,0.120,0.600,0.799,4.500,7.000,5.599869e-40,3.016389e-41,2.036781e-40
640,213,0.080,0.120,0.600,0.799,7.000,8.000,1.662918e-40,1.851302e-41,5.428623e-41
772,214,0.080,0.120,0.600,0.799,8.000,10.000,5.771002e-41,8.303884e-42,2.288796e-41
904,215,0.080,0.120,0.600,0.799,10.000,20.000,9.027453e-42,1.051436e-42,2.767732e-42
149,216,0.120,0.160,0.000,0.040,1.500,3.500,1.006022e-39,1.476046e-40,2.088223e-40
281,217,0.120,0.160,0.000,0.040,3.500,4.500,1.031784e-39,2.204544e-40,2.936355e-40
413,218,0.120,0.160,0.000,0.040,4.500,7.000,1.389460e-39,1.582894e-40,2.482908e-40
545,219,0.120,0.160,0.000,0.040,7.000,8.000,5.418495e-40,1.174415e-40,1.632558e-40
677,220,0.120,0.160,0.000,0.040,8.000,10.000,2.207207e-40,5.863597e-41,8.527368e-41
809,221,0.120,0.160,0.000,0.040,10.000,20.000,4.860212e-41,1.333280e-41,1.620944e-41
161,222,0.120,0.160,0.040,0.080,1.500,3.500,5.508750e-39,3.397427e-40,9.461027e-40
293,223,0.120,0.160,0.040,0.080,3.500,4.500,9.324174e-39,5.740562e-40,1.518812e-39
425,224,0.120,0.160,0.040,0.080,4.500,7.000,9.396816e-39,3.635706e-40,1.165108e-39
557,225,0.120,0.160,0.040,0.080,7.000,8.000,5.224914e-39,3.377943e-40,8.003968e-40
689,226,0.120,0.160,0.040,0.080,8.000,10.000,1.915386e-39,1.622425e-40,4.236951e-40
821,227,0.120,0.160,0.040,0.080,10.000,20.000,2.470514e-40,2.605260e-41,3.974400e-41
173,228,0.120,0.160,0.080,0.120,1.500,3.500,8.357519e-39,3.766280e-40,1.379153e-39
305,229,0.120,0.160,0.080,0.120,3.500,4.500,1.613490e-38,6.365621e-40,2.223817e-39
437,230,0.120,0.160,0.080,0.120,4.500,7.000,1.609416e-38,4.036527e-40,1.914526e-39
569,231,0.120,0.160,0.080,0.120,7.000,8.000,8.719853e-39,3.655399e-40,1.040789e-39
701,232,0.120,0.160,0.080,0.120,8.000,10.000,3.195413e-39,1.912319e-40,5.195962e-40
833,233,0.120,0.160,0.080,0.120,10.000,20.000,3.708024e-40,3.100237e-41,6.091933e-41
185,234,0.120,0.160,0.120,0.160,1.500,3.500,1.233119e-38,5.039082e-40,1.794072e-39
317,235,0.120,0.160,0.120,0.160,3.500,4.500,2.016077e-38,7.367974e-40,2.574602e-39
449,236,0.120,0.160,0.120,0.160,4.500,7.000,2.182383e-38,4.633469e-40,2.478311e-39
581,237,0.120,0.160,0.120,0.160,7.000,8.000,1.171917e-38,4.113707e-40,1.526009e-39
713,238,0.120,0.160,0.120,0.160,8.000,10.000,4.119502e-39,1.814070e-40,5.487063e-40
845,239,0.120,0.160,0.120,0.160,10.000,20.000,5.154085e-40,2.878224e-41,6.358846e-41
197,240,0.120,0.160,0.160,0.240,1.500,3.500,1.043502e-38,3.451791e-40,1.159242e-39
329,241,0.120,0.160,0.160,0.240,3.500,4.500,1.975000e-38,5.601912e-40,2.306558e-39
461,242,0.120,0.160,0.160,0.240,4.500,7.000,2.128982e-38,3.424965e-40,2.124022e-39
593,243,0.120,0.160,0.160,0.240,7.000,8.000,1.028752e-38,3.030421e-40,1.280165e-39
725,244,0.120,0.160,0.160,0.240,8.000,10.000,3.764829e-39,1.372030e-40,5.326545e-40
857,245,0.120,0.160,0.160,0.240,10.000,20.000,4.732798e-40,2.159921e-41,5.574686e-41
209,246,0.120,0.160,0.240,0.320,1.500,3.500,5.904129e-39,2.612162e-40,7.336022e-40
341,247,0.120,0.160,0.240,0.320,3.500,4.500,1.024522e-38,3.897804e-40,1.205206e-39
473,248,0.120,0.160,0.240,0.320,4.500,7.000,1.162266e-38,2.402545e-40,1.455666e-39
605,249,0.120,0.160,0.240,0.320,7.000,8.000,5.750117e-39,2.120699e-40,1.005281e-39
737,250,0.120,0.160,0.240,0.320,8.000,10.000,2.071988e-39,9.185526e-41,3.738635e-40
869,251,0.120,0.160,0.240,0.320,10.000,20.000,2.624932e-40,1.527633e-41,4.273272e-41
221,252,0.120,0.160,0.320,0.400,1.500,3.500,2.493234e-39,1.683674e-40,4.363142e-40
353,253,0.120,0.160,0.320,0.400,3.500,4.500,4.500226e-39,2.316884e-40,6.904487e-40
485,254,0.120,0.160,0.320,0.400,4.500,7.000,4.524362e-39,1.297096e-40,7.402302e-40
617,255,0.120,0.160,0.320,0.400,7.000,8.000,2.023482e-39,9.509188e-41,4.470685e-40
749,256,0.120,0.160,0.320,0.400,8.000,10.000,7.790246e-40,4.515114e-41,1.791259e-40
881,257,0.120,0.160,0.320,0.400,10.000,20.000,9.764814e-41,7.100812e-42,1.962191e-41
233,258,0.120,0.160,0.400,0.600,1.500,3.500,7.628779e-40,5.364687e-41,2.403589e-40
365,259,0.120,0.160,0.400,0.600,3.500,4.500,1.478887e-39,8.052412e-41,3.939037e-40
497,260,0.120,0.160,0.400,0.600,4.500,7.000,1.282776e-39,4.090238e-41,3.368935e-40
629,261,0.120,0.160,0.400,0.600,7.000,8.000,4.895688e-40,2.633885e-41,1.390324e-40
761,262,0.120,0.160,0.400,0.600,8.000,10.000,1.912944e-40,1.207046e-41,5.568608e-41
893,263,0.120,0.160,0.400,0.600,10.000,20.000,2.169965e-41,2.073229e-42,6.099956e-42
245,264,0.120,0.160,0.600,0.799,1.500,3.500,2.381246e-40,3.988768e-41,1.089743e-40
377,265,0.120,0.160,0.600,0.799,3.500,4.500,7.746364e-40,6.393267e-41,3.270394e-40
509,266,0.120,0.160,0.600,0.799,4.500,7.000,6.437388e-40,3.093198e-41,2.555988e-40
641,267,0.120,0.160,0.600,0.799,7.000,8.000,1.489852e-40,1.350350e-41,5.368606e-41
773,268,0.120,0.160,0.600,0.799,8.000,10.000,5.553939e-41,8.805350e-42,2.064683e-41
905,269,0.120,0.160,0.600,0.799,10.000,20.000,7.475349e-42,9.016218e-43,2.396801e-42
150,270,0.160,0.240,0.000,0.040,1.500,3.500,4.419928e-40,7.870934e-41,1.170361e-40
282,271,0.160,0.240,0.000,0.040,3.500,4.500,5.827061e-40,1.335571e-40,1.711970e-40
414,272,0.160,0.240,0.000,0.040,4.500,7.000,5.366137e-40,8.189918e-41,1.177742e-40
546,273,0.160,0.240,0.000,0.040,7.000,8.000,1.573516e-40,5.019079e-41,7.325329e-41
678,274,0.160,0.240,0.000,0.040,8.000,10.000,6.723370e-41,2.501840e-41,3.292955e-41
810,275,0.160,0.240,0.000,0.040,10.000,20.000,1.982507e-41,7.023546e-42,8.010215e-42
162,276,0.160,0.240,0.040,0.080,1.500,3.500,4.815166e-39,2.762081e-40,8.749592e-40
294,277,0.160,0.240,0.040,0.080,3.500,4.500,8.329037e-39,4.832992e-40,1.339576e-39
426,278,0.160,0.240,0.040,0.080,4.500,7.000,7.231351e-39,2.849568e-40,9.765699e-40
558,279,0.160,0.240,0.040,0.080,7.000,8.000,3.465986e-39,2.601369e-40,7.095112e-40
690,280,0.160,0.240,0.040,0.080,8.000,10.000,1.230345e-39,1.166660e-40,3.349526e-40
822,281,0.160,0.240,0.040,0.080,10.000,20.000,2.103885e-40,2.261692e-41,3.933881e-41
174,282,0.160,0.240,0.080,0.120,1.500,3.500,5.430540e-39,2.892344e-40,9.221359e-40
306,283,0.160,0.240,0.080,0.120,3.500,4.500,1.065245e-38,5.137888e-40,1.730209e-39
438,284,0.160,0.240,0.080,0.120,4.500,7.000,9.328715e-39,2.932766e-40,1.253902e-39
570,285,0.160,0.240,0.080,0.120,7.000,8.000,5.075429e-39,2.731401e-40,8.106219e-40
702,286,0.160,0.240,0.080,0.120,8.000,10.000,2.070305e-39,1.455414e-40,4.229854e-40
834,287,0.160,0.240,0.080,0.120,10.000,20.000,2.181685e-40,1.925264e-41,4.075442e-41
186,288,0.160,0.240,0.120,0.160,1.500,3.500,6.713807e-39,3.131652e-40,1.235640e-39
318,289,0.160,0.240,0.120,0.160,3.500,4.500,1.201014e-38,5.120659e-40,1.921756e-39
450,290,0.160,0.240,0.120,0.160,4.500,7.000,1.168935e-38,2.957864e-40,1.601307e-39
582,291,0.160,0.240,0.120,0.160,7.000,8.000,6.305338e-39,2.784016e-40,8.974837e-40
714,292,0.160,0.240,0.120,0.160,8.000,10.000,2.357808e-39,1.294085e-40,4.258912e-40
846,293,0.160,0.240,0.120,0.160,10.000,20.000,2.923714e-40,2.063995e-41,4.762439e-41
198,294,0.160,0.240,0.160,0.240,1.500,3.500,7.951362e-39,2.470158e-40,9.883169e-40
330,295,0.160,0.240,0.160,0.240,3.500,4.500,1.466598e-38,3.916641e-40,1.710435e-39
462,296,0.160,0.240,0.160,0.240,4.500,7.000,1.543755e-38,2.374842e-40,1.544069e-39
594,297,0.160,0.240,0.160,0.240,7.000,8.000,6.977041e-39,2.095782e-40,8.205270e-40
726,298,0.160,0.240,0.160,0.240,8.000,10.000,2.656817e-39,9.665554e-41,3.543399e-40
858,299,0.160,0.240,0.160,0.240,10.000,20.000,3.189573e-40,1.458328e-41,3.558593e-41
210,300,0.160,0.240,0.240,0.320,1.500,3.500,6.070509e-39,2.256023e-40,6.768928e-40
342,301,0.160,0.240,0.240,0.320,3.500,4.500,1.031383e-38,3.202203e-40,1.085544e-39
474,302,0.160,0.240,0.240,0.320,4.500,7.000,1.195679e-38,2.019821e-40,1.176233e-39
606,303,0.160,0.240,0.240,0.320,7.000,8.000,5.486606e-39,1.750699e-40,7.414687e-40
738,304,0.160,0.240,0.240,0.320,8.000,10.000,2.081987e-39,7.920779e-41,3.207573e-40
870,305,0.160,0.240,0.240,0.320,10.000,20.000,2.543786e-40,1.183695e-41,2.991427e-41
222,306,0.160,0.240,0.320,0.400,1.500,3.500,3.689081e-39,1.723674e-40,4.939671e-40
354,307,0.160,0.240,0.320,0.400,3.500,4.500,6.323028e-39,2.376141e-40,8.544509e-40
486,308,0.160,0.240,0.320,0.400,4.500,7.000,7.076329e-39,1.435857e-40,8.942291e-40
618,309,0.160,0.240,0.320,0.400,7.000,8.000,3.250092e-39,1.219672e-40,5.096766e-40
750,310,0.160,0.240,0.320,0.400,8.000,10.000,1.142175e-39,4.845697e-41,1.984846e-40
882,311,0.160,0.240,0.320,0.400,10.000,20.000,1.532007e-40,8.789889e-42,2.219240e-41
234,312,0.160,0.240,0.400,0.600,1.500,3.500,1.214652e-39,6.655568e-41,2.763483e-40
366,313,0.160,0.240,0.400,0.600,3.500,4.500,2.347129e-39,9.500651e-41,5.089954e-40
498,314,0.160,0.240,0.400,0.600,4.500,7.000,2.064113e-39,4.890308e-41,4.270356e-40
630,315,0.160,0.240,0.400,0.600,7.000,8.000,8.579887e-40,3.760700e-41,2.066778e-40
762,316,0.160,0.240,0.400,0.600,8.000,10.000,3.095507e-40,1.619884e-41,7.805542e-41
894,317,0.160,0.240,0.400,0.600,10.000,20.000,3.691448e-41,2.488685e-42,8.026752e-42
246,318,0.160,0.240,0.600,0.799,1.500,3.500,2.351385e-40,2.741089e-41,9.121153e-41
378,319,0.160,0.240,0.600,0.799,3.500,4.500,8.001548e-40,4.825171e-41,2.914695e-40
510,320,0.160,0.240,0.600,0.799,4.500,7.000,6.055544e-40,2.225565e-41,2.025570e-40
642,321,0.160,0.240,0.600,0.799,7.000,8.000,1.875870e-40,1.429791e-41,7.310322e-41
774,322,0.160,0.240,0.600,0.799,8.000,10.000,6.057347e-41,4.873563e-42,2.010117e-41
906,323,0.160,0.240,0.600,0.799,10.000,20.000,6.582481e-42,8.372497e-43,2.216101e-42
151,324,0.240,0.320,0.000,0.040,1.500,3.500,2.235733e-40,4.985950e-41,6.354082e-41
283,325,0.240,0.320,0.000,0.040,3.500,4.500,2.700377e-40,7.690181e-41,9.480203e-41
415,326,0.240,0.320,0.000,0.040,4.500,7.000,3.138119e-40,6.022601e-41,8.168362e-41
547,327,0.240,0.320,0.000,0.040,7.000,8.000,1.262672e-40,4.406809e-41,5.859908e-41
679,328,0.240,0.320,0.000,0.040,8.000,10.000,6.343525e-41,2.686452e-41,3.173458e-41
811,329,0.240,0.320,0.000,0.040,10.000,20.000,5.735923e-42,2.989753e-42,3.208037e-42
163,330,0.240,0.320,0.040,0.080,1.500,3.500,2.430438e-39,1.885529e-40,4.618089e-40
295,331,0.240,0.320,0.040,0.080,3.500,4.500,4.107144e-39,3.218323e-40,7.546881e-40
427,332,0.240,0.320,0.040,0.080,4.500,7.000,3.757737e-39,2.077390e-40,5.457081e-40
559,333,0.240,0.320,0.040,0.080,7.000,8.000,1.448364e-39,1.656925e-40,3.995938e-40
691,334,0.240,0.320,0.040,0.080,8.000,10.000,5.443284e-40,7.432776e-41,1.821082e-40
823,335,0.240,0.320,0.040,0.080,10.000,20.000,8.646351e-41,1.439170e-41,2.025856e-41
175,336,0.240,0.320,0.080,0.120,1.500,3.500,3.352618e-39,2.366230e-40,6.458589e-40
307,337,0.240,0.320,0.080,0.120,3.500,4.500,6.797134e-39,4.325951e-40,1.171900e-39
439,338,0.240,0.320,0.080,0.120,4.500,7.000,5.693778e-39,2.555546e-40,8.219019e-40
571,339,0.240,0.320,0.080,0.120,7.000,8.000,2.660391e-39,2.184786e-40,5.678776e-40
703,340,0.240,0.320,0.080,0.120,8.000,10.000,9.973887e-40,1.030915e-40,2.808843e-40
835,341,0.240,0.320,0.080,0.120,10.000,20.000,1.297541e-40,1.568791e-41,2.514688e-41
187,342,0.240,0.320,0.120,0.160,1.500,3.500,4.345194e-39,2.709336e-40,7.652584e-40
319,343,0.240,0.320,0.120,0.160,3.500,4.500,6.841323e-39,4.185210e-40,1.009048e-39
451,344,0.240,0.320,0.120,0.160,4.500,7.000,6.694981e-39,2.483268e-40,8.600841e-40
583,345,0.240,0.320,0.120,0.160,7.000,8.000,3.161022e-39,2.056287e-40,5.462626e-40
715,346,0.240,0.320,0.120,0.160,8.000,10.000,1.133801e-39,9.306600e-41,2.400903e-40
847,347,0.240,0.320,0.120,0.160,10.000,20.000,1.743994e-40,1.587441e-41,2.750594e-41
199,348,0.240,0.320,0.160,0.240,1.500,3.500,6.037900e-39,2.457548e-40,8.341410e-40
331,349,0.240,0.320,0.160,0.240,3.500,4.500,1.035786e-38,3.682833e-40,1.399794e-39
463,350,0.240,0.320,0.160,0.240,4.500,7.000,9.794004e-39,2.171495e-40,1.145486e-39
595,351,0.240,0.320,0.160,0.240,7.000,8.000,4.636079e-39,1.960054e-40,7.317736e-40
727,352,0.240,0.320,0.160,0.240,8.000,10.000,1.826588e-39,9.183386e-41,3.223172e-40
859,353,0.240,0.320,0.160,0.240,10.000,20.000,2.215633e-40,1.394759e-41,2.727115e-41
211,354,0.240,0.320,0.240,0.320,1.500,3.500,5.577141e-39,2.289719e-40,6.555154e-40
343,355,0.240,0.320,0.240,0.320,3.500,4.500,9.585035e-39,3.220366e-40,1.118814e-39
475,356,0.240,0.320,0.240,0.320,4.500,7.000,1.023202e-38,1.973321e-40,1.065665e-39
607,357,0.240,0.320,0.240,0.320,7.000,8.000,4.714823e-39,1.749494e-40,6.121195e-40
739,358,0.240,0.320,0.240,0.320,8.000,10.000,1.620373e-39,7.426139e-41,2.611715e-40
871,359,0.240,0.320,0.240,0.320,10.000,20.000,2.111807e-40,1.182170e-41,2.517396e-41
223,360,0.240,0.320,0.320,0.400,1.500,3.500,3.766430e-39,1.767575e-40,4.817419e-40
355,361,0.240,0.320,0.320,0.400,3.500,4.500,7.026894e-39,2.535411e-40,8.285536e-40
487,362,0.240,0.320,0.320,0.400,4.500,7.000,7.644162e-39,1.521353e-40,7.708942e-40
619,363,0.240,0.320,0.320,0.400,7.000,8.000,3.534987e-39,1.278280e-40,4.448353e-40
751,364,0.240,0.320,0.320,0.400,8.000,10.000,1.228869e-39,5.686459e-41,1.823478e-40
883,365,0.240,0.320,0.320,0.400,10.000,20.000,1.630063e-40,9.052285e-42,1.876900e-41
235,366,0.240,0.320,0.400,0.600,1.500,3.500,1.737011e-39,8.766620e-41,2.598780e-40
367,367,0.240,0.320,0.400,0.600,3.500,4.500,3.401401e-39,1.212934e-40,5.125408e-40
499,368,0.240,0.320,0.400,0.600,4.500,7.000,3.450897e-39,7.027931e-41,5.073509e-40
631,369,0.240,0.320,0.400,0.600,7.000,8.000,1.453891e-39,5.713455e-41,2.691371e-40
763,370,0.240,0.320,0.400,0.600,8.000,10.000,5.424090e-40,2.468948e-41,1.070524e-40
895,371,0.240,0.320,0.400,0.600,10.000,20.000,7.085806e-41,4.453279e-42,1.127721e-41
247,372,0.240,0.320,0.600,0.799,1.500,3.500,3.382641e-40,3.992918e-41,9.574478e-41
379,373,0.240,0.320,0.600,0.799,3.500,4.500,8.849581e-40,5.566096e-41,2.172972e-40
511,374,0.240,0.320,0.600,0.799,4.500,7.000,7.301813e-40,2.626372e-41,1.897480e-40
643,375,0.240,0.320,0.600,0.799,7.000,8.000,2.315895e-40,1.494105e-41,6.864688e-41
775,376,0.240,0.320,0.600,0.799,8.000,10.000,6.872658e-41,5.874099e-42,2.019466e-41
907,377,0.240,0.320,0.600,0.799,10.000,20.000,9.760723e-42,9.310176e-43,2.461100e-42
152,378,0.320,0.400,0.000,0.040,1.500,3.500,1.109208e-40,4.311276e-41,5.074108e-41
284,379,0.320,0.400,0.000,0.040,3.500,4.500,1.087257e-40,4.517119e-41,5.443634e-41
416,380,0.320,0.400,0.000,0.040,4.500,7.000,4.171522e-41,1.872562e-41,2.589532e-41
548,381,0.320,0.400,0.000,0.040,7.000,8.000,2.243610e-41,1.743607e-41,2.289117e-41
680,382,0.320,0.400,0.000,0.040,8.000,10.000,8.238519e-42,7.183687e-42,8.788577e-42
812,383,0.320,0.400,0.000,0.040,10.000,20.000,2.349172e-42,1.917638e-42,2.067746e-42
164,384,0.320,0.400,0.040,0.080,1.500,3.500,1.593398e-39,1.693747e-40,3.044313e-40
296,385,0.320,0.400,0.040,0.080,3.500,4.500,2.236202e-39,2.551882e-40,4.458553e-40
428,386,0.320,0.400,0.040,0.080,4.500,7.000,1.556944e-39,1.421498e-40,3.148574e-40
560,387,0.320,0.400,0.040,0.080,7.000,8.000,4.727613e-40,9.036681e-41,1.987333e-40
692,388,0.320,0.400,0.040,0.080,8.000,10.000,1.893926e-40,4.529484e-41,8.942062e-41
824,389,0.320,0.400,0.040,0.080,10.000,20.000,4.669268e-41,1.055781e-41,1.337444e-41
176,390,0.320,0.400,0.080,0.120,1.500,3.500,2.316428e-39,2.114760e-40,5.118790e-40
308,391,0.320,0.400,0.080,0.120,3.500,4.500,3.742065e-39,3.470264e-40,7.705577e-40
440,392,0.320,0.400,0.080,0.120,4.500,7.000,3.061005e-39,2.133752e-40,5.555748e-40
572,393,0.320,0.400,0.080,0.120,7.000,8.000,1.122174e-39,1.532066e-40,3.716250e-40
704,394,0.320,0.400,0.080,0.120,8.000,10.000,5.325834e-40,8.452499e-41,1.782408e-40
836,395,0.320,0.400,0.080,0.120,10.000,20.000,7.163102e-41,1.128513e-41,1.783315e-41
188,396,0.320,0.400,0.120,0.160,1.500,3.500,3.577646e-39,2.707114e-40,6.045055e-40
320,397,0.320,0.400,0.120,0.160,3.500,4.500,5.258404e-39,3.783429e-40,9.176061e-40
452,398,0.320,0.400,0.120,0.160,4.500,7.000,4.263164e-39,2.274873e-40,6.765070e-40
584,399,0.320,0.400,0.120,0.160,7.000,8.000,1.620959e-39,1.646555e-40,4.271862e-40
716,400,0.320,0.400,0.120,0.160,8.000,10.000,7.025245e-40,8.606548e-41,2.169143e-40
848,401,0.320,0.400,0.120,0.160,10.000,20.000,1.025844e-40,1.341704e-41,2.035993e-41
200,402,0.320,0.400,0.160,0.240,1.500,3.500,3.631695e-39,2.077052e-40,5.373882e-40
332,403,0.320,0.400,0.160,0.240,3.500,4.500,5.390297e-39,2.801683e-40,8.390117e-40
464,404,0.320,0.400,0.160,0.240,4.500,7.000,4.583142e-39,1.609338e-40,5.946288e-40
596,405,0.320,0.400,0.160,0.240,7.000,8.000,1.935608e-39,1.259885e-40,4.139020e-40
728,406,0.320,0.400,0.160,0.240,8.000,10.000,6.816930e-40,5.817127e-41,1.845981e-40
860,407,0.320,0.400,0.160,0.240,10.000,20.000,1.015533e-40,9.975851e-42,1.620332e-41
212,408,0.320,0.400,0.240,0.320,1.500,3.500,4.433654e-39,2.416857e-40,6.105657e-40
344,409,0.320,0.400,0.240,0.320,3.500,4.500,7.815046e-39,3.501579e-40,1.054021e-39
476,410,0.320,0.400,0.240,0.320,4.500,7.000,7.427423e-39,2.010231e-40,8.901991e-40
608,411,0.320,0.400,0.240,0.320,7.000,8.000,3.195126e-39,1.671938e-40,4.832039e-40
740,412,0.320,0.400,0.240,0.320,8.000,10.000,1.211503e-39,7.821091e-41,2.108471e-40
872,413,0.320,0.400,0.240,0.320,10.000,20.000,1.485744e-40,1.149296e-41,2.171704e-41
224,414,0.320,0.400,0.320,0.400,1.500,3.500,3.344997e-39,2.002738e-40,5.393727e-40
356,415,0.320,0.400,0.320,0.400,3.500,4.500,6.666713e-39,2.916803e-40,9.553718e-40
488,416,0.320,0.400,0.320,0.400,4.500,7.000,6.631298e-39,1.601112e-40,7.761629e-40
620,417,0.320,0.400,0.320,0.400,7.000,8.000,2.865391e-39,1.399810e-40,4.495505e-40
752,418,0.320,0.400,0.320,0.400,8.000,10.000,1.096777e-39,6.244030e-41,1.632136e-40
884,419,0.320,0.400,0.320,0.400,10.000,20.000,1.420581e-40,9.576946e-42,1.714311e-41
236,420,0.320,0.400,0.400,0.600,1.500,3.500,1.845917e-39,9.077032e-41,2.334967e-40
368,421,0.320,0.400,0.400,0.600,3.500,4.500,4.290649e-39,1.497749e-40,5.011905e-40
500,422,0.320,0.400,0.400,0.600,4.500,7.000,4.120874e-39,8.218107e-41,4.367359e-40
632,423,0.320,0.400,0.400,0.600,7.000,8.000,1.585024e-39,6.551618e-41,2.713077e-40
764,424,0.320,0.400,0.400,0.600,8.000,10.000,5.812240e-40,2.844101e-41,1.079791e-40
896,425,0.320,0.400,0.400,0.600,10.000,20.000,8.393523e-41,5.154728e-42,1.143112e-41
248,426,0.320,0.400,0.600,0.799,1.500,3.500,5.175800e-40,5.722955e-41,9.580732e-41
380,427,0.320,0.400,0.600,0.799,3.500,4.500,1.421517e-39,8.822817e-41,2.237662e-40
512,428,0.320,0.400,0.600,0.799,4.500,7.000,1.240698e-39,4.027002e-41,1.994792e-40
644,429,0.320,0.400,0.600,0.799,7.000,8.000,4.383777e-40,2.808349e-41,1.049590e-40
776,430,0.320,0.400,0.600,0.799,8.000,10.000,1.217806e-40,9.166991e-42,3.077387e-41
908,431,0.320,0.400,0.600,0.799,10.000,20.000,1.560877e-41,1.457112e-42,3.255354e-42
153,432,0.400,0.600,0.000,0.040,1.500,3.500,4.700396e-41,2.105102e-41,2.623026e-41
285,433,0.400,0.600,0.000,0.040,3.500,4.500,1.144240e-40,4.725694e-41,5.890487e-41
417,434,0.400,0.600,0.000,0.040,4.500,7.000,3.494851e-41,1.762942e-41,2.593842e-41
549,435,0.400,0.600,0.000,0.040,7.000,8.000,1.158290e-41,9.975498e-42,1.394838e-41
681,436,0.400,0.600,0.000,0.040,8.000,10.000,5.022378e-42,5.927117e-42,7.209872e-42
813,437,0.400,0.600,0.000,0.040,10.000,20.000,3.179848e-42,2.029383e-42,2.253358e-42
165,438,0.400,0.600,0.040,0.080,1.500,3.500,6.029748e-40,8.935387e-41,1.535556e-40
297,439,0.400,0.600,0.040,0.080,3.500,4.500,1.136563e-39,1.640439e-40,2.428156e-40
429,440,0.400,0.600,0.040,0.080,4.500,7.000,2.794045e-40,5.675320e-41,1.081306e-40
561,441,0.400,0.600,0.040,0.080,7.000,8.000,8.392059e-41,2.851443e-41,5.826047e-41
693,442,0.400,0.600,0.040,0.080,8.000,10.000,6.695541e-41,2.371340e-41,3.881476e-41
825,443,0.400,0.600,0.040,0.080,10.000,20.000,1.593021e-41,4.996678e-42,5.636762e-42
177,444,0.400,0.600,0.080,0.120,1.500,3.500,8.227888e-40,1.152754e-40,2.303114e-40
309,445,0.400,0.600,0.080,0.120,3.500,4.500,9.059283e-40,1.507894e-40,2.627845e-40
441,446,0.400,0.600,0.080,0.120,4.500,7.000,4.126664e-40,6.761383e-41,1.374850e-40
573,447,0.400,0.600,0.080,0.120,7.000,8.000,1.176867e-40,3.121305e-41,7.731056e-41
705,448,0.400,0.600,0.080,0.120,8.000,10.000,7.310333e-41,2.319049e-41,4.820995e-41
837,449,0.400,0.600,0.080,0.120,10.000,20.000,1.417338e-41,3.962049e-42,5.498751e-42
189,450,0.400,0.600,0.120,0.160,1.500,3.500,1.353042e-39,1.485897e-40,3.254698e-40
321,451,0.400,0.600,0.120,0.160,3.500,4.500,2.122075e-39,2.252331e-40,4.823814e-40
453,452,0.400,0.600,0.120,0.160,4.500,7.000,9.997486e-40,9.983217e-41,2.317331e-40
585,453,0.400,0.600,0.120,0.160,7.000,8.000,3.366010e-40,5.885621e-41,1.467126e-40
717,454,0.400,0.600,0.120,0.160,8.000,10.000,1.682797e-40,3.257880e-41,7.610178e-41
849,455,0.400,0.600,0.120,0.160,10.000,20.000,3.243231e-41,6.529358e-42,9.003175e-42
201,456,0.400,0.600,0.160,0.240,1.500,3.500,1.341904e-39,1.275509e-40,3.606817e-40
333,457,0.400,0.600,0.160,0.240,3.500,4.500,1.871850e-39,1.728164e-40,4.660749e-40
465,458,0.400,0.600,0.160,0.240,4.500,7.000,1.337775e-39,8.902179e-41,2.982713e-40
597,459,0.400,0.600,0.160,0.240,7.000,8.000,5.648199e-40,6.727940e-41,2.085153e-40
729,460,0.400,0.600,0.160,0.240,8.000,10.000,2.674480e-40,3.447368e-41,1.093905e-40
861,461,0.400,0.600,0.160,0.240,10.000,20.000,4.877495e-41,6.441240e-42,9.930946e-42
213,462,0.400,0.600,0.240,0.320,1.500,3.500,1.221850e-39,1.326998e-40,3.707642e-40
345,463,0.400,0.600,0.240,0.320,3.500,4.500,2.431881e-39,2.031919e-40,6.198285e-40
477,464,0.400,0.600,0.240,0.320,4.500,7.000,1.544317e-39,9.180250e-41,3.671401e-40
609,465,0.400,0.600,0.240,0.320,7.000,8.000,7.057905e-40,7.326311e-41,2.531813e-40
741,466,0.400,0.600,0.240,0.320,8.000,10.000,3.196186e-40,3.650044e-41,1.181607e-40
873,467,0.400,0.600,0.240,0.320,10.000,20.000,4.496628e-41,5.412899e-42,1.024164e-41
225,468,0.400,0.600,0.320,0.400,1.500,3.500,1.166938e-39,1.277020e-40,4.811558e-40
357,469,0.400,0.600,0.320,0.400,3.500,4.500,3.046197e-39,2.090423e-40,8.504999e-40
489,470,0.400,0.600,0.320,0.400,4.500,7.000,2.316442e-39,1.006322e-40,5.197531e-40
621,471,0.400,0.600,0.320,0.400,7.000,8.000,8.825766e-40,7.561305e-41,2.806248e-40
753,472,0.400,0.600,0.320,0.400,8.000,10.000,4.483958e-40,3.892743e-41,1.391694e-40
885,473,0.400,0.600,0.320,0.400,10.000,20.000,6.013330e-41,5.954498e-42,1.271348e-41
237,474,0.400,0.600,0.400,0.600,1.500,3.500,9.980057e-40,7.082990e-41,3.072324e-40
369,475,0.400,0.600,0.400,0.600,3.500,4.500,3.113837e-39,1.255785e-40,6.847136e-40
501,476,0.400,0.600,0.400,0.600,4.500,7.000,2.523745e-39,6.352515e-41,4.547385e-40
633,477,0.400,0.600,0.400,0.600,7.000,8.000,1.044578e-39,5.567975e-41,2.846723e-40
765,478,0.400,0.600,0.400,0.600,8.000,10.000,3.930176e-40,2.363130e-41,1.122535e-40
897,479,0.400,0.600,0.400,0.600,10.000,20.000,6.592177e-41,4.106028e-42,9.795567e-42
249,480,0.400,0.600,0.600,0.799,1.500,3.500,5.113825e-40,4.957177e-41,1.241891e-40
381,481,0.400,0.600,0.600,0.799,3.500,4.500,1.904922e-39,1.013167e-40,3.269263e-40
513,482,0.400,0.600,0.600,0.799,4.500,7.000,1.678877e-39,4.718938e-41,2.308867e-40
645,483,0.400,0.600,0.600,0.799,7.000,8.000,5.843054e-40,3.645875e-41,1.587285e-40
777,484,0.400,0.600,0.600,0.799,8.000,10.000,2.052426e-40,1.433045e-41,5.785628e-41
909,485,0.400,0.600,0.600,0.799,10.000,20.000,2.903535e-41,2.786949e-42,6.804152e-42
154,486,0.600,0.799,0.000,0.040,1.500,3.500,8.296594e-41,2.778555e-41,3.062206e-41
286,487,0.600,0.799,0.000,0.040,3.500,4.500,1.758888e-40,6.376940e-41,7.001928e-41
418,488,0.600,0.799,0.000,0.040,4.500,7.000,2.902027e-41,2.417735e-41,2.832813e-41
550,489,0.600,0.799,0.000,0.040,7.000,8.000,6.034507e-42,7.816720e-42,9.746125e-42
682,490,0.600,0.799,0.000,0.040,8.000,10.000,2.154428e-42,4.798596e-42,5.290443e-42
814,491,0.600,0.799,0.000,0.040,10.000,20.000,1.508118e-42,1.873781e-42,2.195518e-42
166,492,0.600,0.799,0.040,0.080,1.500,3.500,3.754053e-40,7.452381e-41,1.222338e-40
298,493,0.600,0.799,0.040,0.080,3.500,4.500,6.389103e-40,1.488355e-40,2.108101e-40
430,494,0.600,0.799,0.040,0.080,4.500,7.000,3.190237e-41,2.341755e-41,4.259320e-41
562,495,0.600,0.799,0.040,0.080,7.000,8.000,2.272392e-41,1.864498e-41,3.419696e-41
694,496,0.600,0.799,0.040,0.080,8.000,10.000,5.330034e-41,3.009689e-41,4.354388e-41
826,497,0.600,0.799,0.040,0.080,10.000,20.000,1.702177e-41,5.848741e-42,6.499512e-42
178,498,0.600,0.799,0.080,0.120,1.500,3.500,1.741673e-40,6.995126e-41,1.224403e-40
310,499,0.600,0.799,0.080,0.120,3.500,4.500,1.444625e-40,7.579135e-41,1.146021e-40
442,500,0.600,0.799,0.080,0.120,4.500,7.000,5.408200e-42,4.739813e-42,6.213807e-42
574,501,0.600,0.799,0.080,0.120,7.000,8.000,2.415917e-42,2.764443e-42,5.548931e-42
706,502,0.600,0.799,0.080,0.120,8.000,10.000,1.539640e-41,1.250696e-41,2.250025e-41
838,503,0.600,0.799,0.080,0.120,10.000,20.000,4.367641e-42,3.157699e-42,3.994289e-42
190,504,0.600,0.799,0.120,0.160,1.500,3.500,3.542182e-40,1.010785e-40,1.922328e-40
322,505,0.600,0.799,0.120,0.160,3.500,4.500,4.125221e-40,1.297213e-40,1.906808e-40
454,506,0.600,0.799,0.120,0.160,4.500,7.000,2.928235e-41,1.526166e-41,2.611831e-41
586,507,0.600,0.799,0.120,0.160,7.000,8.000,2.017013e-41,1.252287e-41,2.433869e-41
718,508,0.600,0.799,0.120,0.160,8.000,10.000,1.952154e-41,1.251039e-41,2.369745e-41
850,509,0.600,0.799,0.120,0.160,10.000,20.000,1.191289e-41,5.110757e-42,6.274715e-42
202,510,0.600,0.799,0.160,0.240,1.500,3.500,3.310286e-41,1.906827e-41,4.389317e-41
334,511,0.600,0.799,0.160,0.240,3.500,4.500,6.306473e-41,3.074835e-41,6.068749e-41
466,512,0.600,0.799,0.160,0.240,4.500,7.000,1.378417e-41,6.576893e-42,1.185455e-41
598,513,0.600,0.799,0.160,0.240,7.000,8.000,1.114061e-41,6.179094e-42,1.651369e-41
730,514,0.600,0.799,0.160,0.240,8.000,10.000,1.338743e-41,7.603198e-42,2.065627e-41
862,515,0.600,0.799,0.160,0.240,10.000,20.000,6.778066e-42,2.843076e-42,4.648004e-42
214,516,0.600,0.799,0.240,0.320,1.500,3.500,3.082341e-41,1.887920e-41,4.959424e-41
346,517,0.600,0.799,0.240,0.320,3.500,4.500,6.874572e-41,3.064995e-41,7.160619e-41
478,518,0.600,0.799,0.240,0.320,4.500,7.000,2.326896e-41,8.801401e-42,1.955970e-41
610,519,0.600,0.799,0.240,0.320,7.000,8.000,1.641696e-41,8.123063e-42,2.613574e-41
742,520,0.600,0.799,0.240,0.320,8.000,10.000,1.295875e-41,6.788000e-42,2.174323e-41
874,521,0.600,0.799,0.240,0.320,10.000,20.000,7.976399e-42,2.814812e-42,5.046020e-42
226,522,0.600,0.799,0.320,0.400,1.500,3.500,3.112096e-41,1.792838e-41,5.100568e-41
358,523,0.600,0.799,0.320,0.400,3.500,4.500,1.396800e-40,4.900136e-41,1.335808e-40
490,524,0.600,0.799,0.320,0.400,4.500,7.000,5.176549e-41,1.488148e-41,4.209868e-41
622,525,0.600,0.799,0.320,0.400,7.000,8.000,1.373138e-41,7.000821e-42,2.497531e-41
754,526,0.600,0.799,0.320,0.400,8.000,10.000,1.803142e-41,8.797130e-42,3.143586e-41
886,527,0.600,0.799,0.320,0.400,10.000,20.000,6.148754e-42,2.144906e-42,4.003054e-42
238,528,0.600,0.799,0.400,0.600,1.500,3.500,8.770291e-41,2.687214e-41,6.740942e-41
370,529,0.600,0.799,0.400,0.600,3.500,4.500,3.396724e-40,6.065789e-41,2.682710e-40
502,530,0.600,0.799,0.400,0.600,4.500,7.000,1.619216e-40,2.345986e-41,1.045035e-40
634,531,0.600,0.799,0.400,0.600,7.000,8.000,6.374204e-41,1.528710e-41,7.247638e-41
766,532,0.600,0.799,0.400,0.600,8.000,10.000,3.997662e-41,1.012032e-41,4.472269e-41
898,533,0.600,0.799,0.400,0.600,10.000,20.000,1.185466e-41,2.792085e-42,6.678849e-42
250,534,0.600,0.799,0.600,0.799,1.500,3.500,1.417493e-40,3.000648e-41,6.429700e-41
382,535,0.600,0.799,0.600,0.799,3.500,4.500,6.437198e-40,6.548662e-41,2.830455e-40
514,536,0.600,0.799,0.600,0.799,4.500,7.000,4.564704e-40,3.105923e-41,1.671003e-40
646,537,0.600,0.799,0.600,0.799,7.000,8.000,1.418622e-40,1.923128e-41,8.899959e-41
778,538,0.600,0.799,0.600,0.799,8.000,10.000,7.567071e-41,1.120932e-41,4.867074e-41
910,539,0.600,0.799,0.600,0.799,10.000,20.000,7.812823e-42,1.950672e-42,4.688444e-42
