RootHistBinID,CovCSVId,SumTp Lower Bin Boundary (GeV), SumTp Upper Bin Boundary (GeV), Muon Pt Lower Bin Boundary (GeV/c), Muon Pt Upper Bin Boundary (GeV/c), Muon P|| Lower Bin Boundary (GeV/c), Muon P|| Upper Bin Boundary (GeV), cross section (cm^2/nucleon/(GeV^3/c^2)), statistical uncertainty (cm^2/nucleon/(GeV^3/c^2)), total uncertainty (cm^2/nucleon/(GeV^3/c^2))
169,0,0.000,0.020,0.000,0.075,1.500,3.500,3.143152e-40,5.116144e-41,6.334807e-41
325,1,0.000,0.020,0.000,0.075,3.500,4.500,5.193914e-40,9.275897e-41,1.033296e-40
481,2,0.000,0.020,0.000,0.075,4.500,7.000,7.176461e-40,6.371015e-41,8.166192e-41
637,3,0.000,0.020,0.000,0.075,7.000,8.000,3.088292e-40,5.225399e-41,5.901287e-41
793,4,0.000,0.020,0.000,0.075,8.000,10.000,1.374230e-40,3.012226e-41,3.405905e-41
949,5,0.000,0.020,0.000,0.075,10.000,20.000,4.816450e-41,7.925525e-42,8.527507e-42
181,6,0.000,0.020,0.075,0.150,1.500,3.500,1.708259e-39,1.113533e-40,2.066579e-40
337,7,0.000,0.020,0.075,0.150,3.500,4.500,2.962987e-39,2.104832e-40,3.133828e-40
493,8,0.000,0.020,0.075,0.150,4.500,7.000,3.511087e-39,1.367884e-40,2.705419e-40
649,9,0.000,0.020,0.075,0.150,7.000,8.000,2.372511e-39,1.596820e-40,2.152505e-40
805,10,0.000,0.020,0.075,0.150,8.000,10.000,8.661670e-40,7.109903e-41,1.084183e-40
961,11,0.000,0.020,0.075,0.150,10.000,20.000,9.324640e-41,1.128307e-41,1.262405e-41
193,12,0.000,0.020,0.150,0.250,1.500,3.500,3.432130e-39,1.374061e-40,3.567706e-40
349,13,0.000,0.020,0.150,0.250,3.500,4.500,6.026430e-39,2.611959e-40,5.285963e-40
505,14,0.000,0.020,0.150,0.250,4.500,7.000,7.019628e-39,1.658432e-40,4.967941e-40
661,15,0.000,0.020,0.150,0.250,7.000,8.000,3.978054e-39,1.764265e-40,3.755482e-40
817,16,0.000,0.020,0.150,0.250,8.000,10.000,1.287085e-39,7.422862e-41,1.672634e-40
973,17,0.000,0.020,0.150,0.250,10.000,20.000,1.514268e-40,1.157492e-41,1.602814e-41
205,18,0.000,0.020,0.250,0.325,1.500,3.500,3.737948e-39,1.805836e-40,4.603017e-40
361,19,0.000,0.020,0.250,0.325,3.500,4.500,7.126591e-39,3.318624e-40,7.214110e-40
517,20,0.000,0.020,0.250,0.325,4.500,7.000,7.860533e-39,2.063926e-40,6.717163e-40
673,21,0.000,0.020,0.250,0.325,7.000,8.000,4.474901e-39,2.055048e-40,5.130679e-40
829,22,0.000,0.020,0.250,0.325,8.000,10.000,1.641655e-39,9.194426e-41,2.265821e-40
985,23,0.000,0.020,0.250,0.325,10.000,20.000,1.914609e-40,1.363809e-41,1.983057e-41
217,24,0.000,0.020,0.325,0.400,1.500,3.500,4.056820e-39,1.945189e-40,4.851728e-40
373,25,0.000,0.020,0.325,0.400,3.500,4.500,6.783902e-39,3.221205e-40,7.663908e-40
529,26,0.000,0.020,0.325,0.400,4.500,7.000,7.871329e-39,2.034229e-40,7.330783e-40
685,27,0.000,0.020,0.325,0.400,7.000,8.000,4.552875e-39,2.085389e-40,5.392114e-40
841,28,0.000,0.020,0.325,0.400,8.000,10.000,1.585686e-39,9.134453e-41,2.418774e-40
997,29,0.000,0.020,0.325,0.400,10.000,20.000,1.944941e-40,1.364063e-41,2.434949e-41
229,30,0.000,0.020,0.400,0.475,1.500,3.500,2.887658e-39,1.722247e-40,3.207343e-40
385,31,0.000,0.020,0.400,0.475,3.500,4.500,5.413787e-39,2.854445e-40,6.056217e-40
541,32,0.000,0.020,0.400,0.475,4.500,7.000,5.998583e-39,1.713880e-40,5.638427e-40
697,33,0.000,0.020,0.400,0.475,7.000,8.000,3.294714e-39,1.670900e-40,4.567870e-40
853,34,0.000,0.020,0.400,0.475,8.000,10.000,1.138695e-39,6.925227e-41,1.887243e-40
1009,35,0.000,0.020,0.400,0.475,10.000,20.000,1.259929e-40,1.094390e-41,1.847609e-41
241,36,0.000,0.020,0.475,0.550,1.500,3.500,2.017014e-39,1.517184e-40,2.429605e-40
397,37,0.000,0.020,0.475,0.550,3.500,4.500,3.417767e-39,2.281678e-40,3.839982e-40
553,38,0.000,0.020,0.475,0.550,4.500,7.000,3.839078e-39,1.376559e-40,3.498711e-40
709,39,0.000,0.020,0.475,0.550,7.000,8.000,2.275255e-39,1.368361e-40,3.353506e-40
865,40,0.000,0.020,0.475,0.550,8.000,10.000,7.345835e-40,5.096866e-41,1.349094e-40
1021,41,0.000,0.020,0.475,0.550,10.000,20.000,7.703038e-41,7.098327e-42,1.216556e-41
253,42,0.000,0.020,0.550,0.700,1.500,3.500,8.555157e-40,7.354795e-41,1.179787e-40
409,43,0.000,0.020,0.550,0.700,3.500,4.500,1.808693e-39,1.219321e-40,1.970046e-40
565,44,0.000,0.020,0.550,0.700,4.500,7.000,1.795910e-39,7.129833e-41,1.869724e-40
721,45,0.000,0.020,0.550,0.700,7.000,8.000,9.122374e-40,5.918567e-41,1.505092e-40
877,46,0.000,0.020,0.550,0.700,8.000,10.000,3.999893e-40,3.001855e-41,8.016160e-41
1033,47,0.000,0.020,0.550,0.700,10.000,20.000,5.085804e-41,4.759946e-42,6.581323e-42
265,48,0.000,0.020,0.700,0.850,1.500,3.500,2.841290e-40,4.339750e-41,6.160220e-41
421,49,0.000,0.020,0.700,0.850,3.500,4.500,5.533683e-40,5.914027e-41,9.395720e-41
577,50,0.000,0.020,0.700,0.850,4.500,7.000,6.109321e-40,3.685191e-41,8.501430e-41
733,51,0.000,0.020,0.700,0.850,7.000,8.000,3.388813e-40,3.297252e-41,6.830280e-41
889,52,0.000,0.020,0.700,0.850,8.000,10.000,1.498480e-40,1.726916e-41,3.466453e-41
1045,53,0.000,0.020,0.700,0.850,10.000,20.000,2.932177e-41,3.963241e-42,5.606454e-42
277,54,0.000,0.020,0.850,1.000,1.500,3.500,1.086594e-40,2.525538e-41,3.477822e-41
433,55,0.000,0.020,0.850,1.000,3.500,4.500,2.906873e-40,4.702278e-41,7.800275e-41
589,56,0.000,0.020,0.850,1.000,4.500,7.000,3.133574e-40,2.617528e-41,6.014743e-41
745,57,0.000,0.020,0.850,1.000,7.000,8.000,1.791957e-40,2.439046e-41,3.595116e-41
901,58,0.000,0.020,0.850,1.000,8.000,10.000,8.694231e-41,1.277112e-41,2.170808e-41
1057,59,0.000,0.020,0.850,1.000,10.000,20.000,2.266486e-41,3.302279e-42,5.199006e-42
289,60,0.000,0.020,1.000,2.500,1.500,3.500,1.503596e-41,3.697306e-42,6.403838e-42
445,61,0.000,0.020,1.000,2.500,3.500,4.500,3.269338e-41,6.630042e-42,1.295506e-41
601,62,0.000,0.020,1.000,2.500,4.500,7.000,3.389409e-41,3.444089e-42,8.734602e-42
757,63,0.000,0.020,1.000,2.500,7.000,8.000,2.061754e-41,3.002410e-42,5.891210e-42
913,64,0.000,0.020,1.000,2.500,8.000,10.000,8.862431e-42,1.561644e-42,2.426763e-42
1069,65,0.000,0.020,1.000,2.500,10.000,20.000,3.355165e-42,5.252368e-43,8.478478e-43
170,66,0.020,0.040,0.000,0.075,1.500,3.500,1.506373e-40,3.159061e-41,3.671200e-41
326,67,0.020,0.040,0.000,0.075,3.500,4.500,1.864292e-40,4.852073e-41,5.166753e-41
482,68,0.020,0.040,0.000,0.075,4.500,7.000,2.545335e-40,3.330816e-41,3.790651e-41
638,69,0.020,0.040,0.000,0.075,7.000,8.000,1.205607e-40,2.320555e-41,2.572763e-41
794,70,0.020,0.040,0.000,0.075,8.000,10.000,4.042463e-41,1.197683e-41,1.298704e-41
950,71,0.020,0.040,0.000,0.075,10.000,20.000,3.394099e-42,1.241825e-42,1.407750e-42
182,72,0.020,0.040,0.075,0.150,1.500,3.500,7.637001e-40,7.429200e-41,1.140456e-40
338,73,0.020,0.040,0.075,0.150,3.500,4.500,1.571469e-39,1.384836e-40,2.030155e-40
494,74,0.020,0.040,0.075,0.150,4.500,7.000,1.561205e-39,8.846814e-41,1.380598e-40
650,75,0.020,0.040,0.075,0.150,7.000,8.000,1.008148e-39,8.476844e-41,1.026688e-40
806,76,0.020,0.040,0.075,0.150,8.000,10.000,4.006216e-40,4.507753e-41,5.677793e-41
962,77,0.020,0.040,0.075,0.150,10.000,20.000,3.912854e-41,6.205025e-42,6.987588e-42
194,78,0.020,0.040,0.150,0.250,1.500,3.500,2.264140e-39,1.112390e-40,2.634033e-40
350,79,0.020,0.040,0.150,0.250,3.500,4.500,4.347852e-39,2.053258e-40,4.208044e-40
506,80,0.020,0.040,0.150,0.250,4.500,7.000,4.883543e-39,1.341033e-40,3.438471e-40
662,81,0.020,0.040,0.150,0.250,7.000,8.000,2.781563e-39,1.207073e-40,2.372242e-40
818,82,0.020,0.040,0.150,0.250,8.000,10.000,9.665416e-40,5.842294e-41,1.113149e-40
974,83,0.020,0.040,0.150,0.250,10.000,20.000,1.116929e-40,9.090056e-42,1.266677e-41
206,84,0.020,0.040,0.250,0.325,1.500,3.500,3.625235e-39,1.659438e-40,3.933102e-40
362,85,0.020,0.040,0.250,0.325,3.500,4.500,6.004321e-39,2.707739e-40,5.410856e-40
518,86,0.020,0.040,0.250,0.325,4.500,7.000,7.016308e-39,1.773783e-40,5.142311e-40
674,87,0.020,0.040,0.250,0.325,7.000,8.000,3.888092e-39,1.606697e-40,3.651163e-40
830,88,0.020,0.040,0.250,0.325,8.000,10.000,1.372649e-39,7.605934e-41,1.744847e-40
986,89,0.020,0.040,0.250,0.325,10.000,20.000,1.724311e-40,1.138591e-41,1.960796e-41
218,90,0.020,0.040,0.325,0.400,1.500,3.500,3.721556e-39,1.682430e-40,4.087630e-40
374,91,0.020,0.040,0.325,0.400,3.500,4.500,5.750236e-39,2.417266e-40,5.078175e-40
530,92,0.020,0.040,0.325,0.400,4.500,7.000,6.709346e-39,1.632708e-40,4.940400e-40
686,93,0.020,0.040,0.325,0.400,7.000,8.000,3.817801e-39,1.587234e-40,4.184744e-40
842,94,0.020,0.040,0.325,0.400,8.000,10.000,1.366842e-39,6.481167e-41,1.924612e-40
998,95,0.020,0.040,0.325,0.400,10.000,20.000,1.653380e-40,1.017890e-41,1.805597e-41
230,96,0.020,0.040,0.400,0.475,1.500,3.500,2.965753e-39,1.557039e-40,3.307209e-40
386,97,0.020,0.040,0.400,0.475,3.500,4.500,4.749824e-39,2.314650e-40,4.346914e-40
542,98,0.020,0.040,0.400,0.475,4.500,7.000,5.530964e-39,1.417015e-40,4.608583e-40
698,99,0.020,0.040,0.400,0.475,7.000,8.000,2.700314e-39,1.167318e-40,3.893513e-40
854,100,0.020,0.040,0.400,0.475,8.000,10.000,1.068928e-39,5.755769e-41,1.687084e-40
1010,101,0.020,0.040,0.400,0.475,10.000,20.000,1.327057e-40,8.571920e-42,1.762992e-41
242,102,0.020,0.040,0.475,0.550,1.500,3.500,1.841871e-39,1.146435e-40,2.055267e-40
398,103,0.020,0.040,0.475,0.550,3.500,4.500,3.215625e-39,1.657094e-40,3.461641e-40
554,104,0.020,0.040,0.475,0.550,4.500,7.000,3.670871e-39,1.108887e-40,3.420295e-40
710,105,0.020,0.040,0.475,0.550,7.000,8.000,2.053804e-39,1.018635e-40,3.097749e-40
866,106,0.020,0.040,0.475,0.550,8.000,10.000,6.427580e-40,3.843999e-41,1.044091e-40
1022,107,0.020,0.040,0.475,0.550,10.000,20.000,7.499271e-41,6.534542e-42,1.241722e-41
254,108,0.020,0.040,0.550,0.700,1.500,3.500,8.506062e-40,6.579494e-41,1.043204e-40
410,109,0.020,0.040,0.550,0.700,3.500,4.500,1.518148e-39,8.754012e-41,1.516217e-40
566,110,0.020,0.040,0.550,0.700,4.500,7.000,1.536029e-39,5.153590e-41,1.539722e-40
722,111,0.020,0.040,0.550,0.700,7.000,8.000,6.863559e-40,3.710016e-41,1.051337e-40
878,112,0.020,0.040,0.550,0.700,8.000,10.000,2.592789e-40,1.861542e-41,4.355814e-41
1034,113,0.020,0.040,0.550,0.700,10.000,20.000,3.982931e-41,3.701985e-42,6.298602e-42
266,114,0.020,0.040,0.700,0.850,1.500,3.500,2.608425e-40,3.319016e-41,4.613317e-41
422,115,0.020,0.040,0.700,0.850,3.500,4.500,5.929976e-40,5.918956e-41,8.893373e-41
578,116,0.020,0.040,0.700,0.850,4.500,7.000,5.716203e-40,3.019846e-41,6.421624e-41
734,117,0.020,0.040,0.700,0.850,7.000,8.000,2.616834e-40,2.165745e-41,4.919547e-41
890,118,0.020,0.040,0.700,0.850,8.000,10.000,9.706176e-41,9.186745e-42,1.837310e-41
1046,119,0.020,0.040,0.700,0.850,10.000,20.000,1.878902e-41,2.013394e-42,3.442282e-42
278,120,0.020,0.040,0.850,1.000,1.500,3.500,1.559043e-40,3.257585e-41,4.263888e-41
434,121,0.020,0.040,0.850,1.000,3.500,4.500,3.170232e-40,4.214472e-41,6.506827e-41
590,122,0.020,0.040,0.850,1.000,4.500,7.000,2.516125e-40,1.929252e-41,4.061309e-41
746,123,0.020,0.040,0.850,1.000,7.000,8.000,1.088465e-40,1.351012e-41,2.330966e-41
902,124,0.020,0.040,0.850,1.000,8.000,10.000,5.428943e-41,5.738141e-42,1.556443e-41
1058,125,0.020,0.040,0.850,1.000,10.000,20.000,1.028847e-41,1.274982e-42,2.487058e-42
290,126,0.020,0.040,1.000,2.500,1.500,3.500,7.160641e-42,2.613787e-42,3.152343e-42
446,127,0.020,0.040,1.000,2.500,3.500,4.500,2.663997e-41,5.027370e-42,7.438172e-42
602,128,0.020,0.040,1.000,2.500,4.500,7.000,2.177821e-41,2.200337e-42,4.883449e-42
758,129,0.020,0.040,1.000,2.500,7.000,8.000,9.121351e-42,1.359986e-42,3.210477e-42
914,130,0.020,0.040,1.000,2.500,8.000,10.000,3.811023e-42,7.287650e-43,1.213144e-42
1070,131,0.020,0.040,1.000,2.500,10.000,20.000,1.443895e-42,2.851590e-43,6.871119e-43
171,132,0.040,0.080,0.000,0.075,1.500,3.500,1.219993e-40,2.554129e-41,2.961806e-41
327,133,0.040,0.080,0.000,0.075,3.500,4.500,1.150618e-40,3.245782e-41,3.584035e-41
483,134,0.040,0.080,0.000,0.075,4.500,7.000,1.308571e-40,2.135471e-41,2.372689e-41
639,135,0.040,0.080,0.000,0.075,7.000,8.000,4.513560e-41,1.221429e-41,1.361866e-41
795,136,0.040,0.080,0.000,0.075,8.000,10.000,1.584476e-41,5.851311e-42,6.757143e-42
951,137,0.040,0.080,0.000,0.075,10.000,20.000,4.703093e-42,1.522878e-42,1.770387e-42
183,138,0.040,0.080,0.075,0.150,1.500,3.500,3.789553e-40,4.146091e-41,6.735018e-41
339,139,0.040,0.080,0.075,0.150,3.500,4.500,6.036073e-40,6.933687e-41,9.793717e-41
495,140,0.040,0.080,0.075,0.150,4.500,7.000,5.928395e-40,4.229434e-41,6.340009e-41
651,141,0.040,0.080,0.075,0.150,7.000,8.000,3.461059e-40,3.729139e-41,4.677098e-41
807,142,0.040,0.080,0.075,0.150,8.000,10.000,1.135499e-40,1.619419e-41,2.054202e-41
963,143,0.040,0.080,0.075,0.150,10.000,20.000,1.747209e-41,3.390853e-42,3.819585e-42
195,144,0.040,0.080,0.150,0.250,1.500,3.500,1.534959e-39,7.011831e-41,1.944485e-40
351,145,0.040,0.080,0.150,0.250,3.500,4.500,2.642442e-39,1.232187e-40,2.953958e-40
507,146,0.040,0.080,0.150,0.250,4.500,7.000,2.723376e-39,7.524508e-41,2.106254e-40
663,147,0.040,0.080,0.150,0.250,7.000,8.000,1.531248e-39,7.297112e-41,1.231587e-40
819,148,0.040,0.080,0.150,0.250,8.000,10.000,5.604908e-40,3.502642e-41,5.961234e-41
975,149,0.040,0.080,0.150,0.250,10.000,20.000,6.616641e-41,5.296556e-42,7.109678e-42
207,150,0.040,0.080,0.250,0.325,1.500,3.500,3.115354e-39,1.138719e-40,3.292179e-40
363,151,0.040,0.080,0.250,0.325,3.500,4.500,5.276636e-39,1.951937e-40,4.858801e-40
519,152,0.040,0.080,0.250,0.325,4.500,7.000,5.873641e-39,1.215717e-40,3.899559e-40
675,153,0.040,0.080,0.250,0.325,7.000,8.000,3.175014e-39,1.162565e-40,2.412927e-40
831,154,0.040,0.080,0.250,0.325,8.000,10.000,1.113027e-39,5.207544e-41,1.228915e-40
987,155,0.040,0.080,0.250,0.325,10.000,20.000,1.382495e-40,7.974258e-42,1.215053e-41
219,156,0.040,0.080,0.325,0.400,1.500,3.500,3.854058e-39,1.309495e-40,3.741018e-40
375,157,0.040,0.080,0.325,0.400,3.500,4.500,6.207249e-39,2.117773e-40,5.339223e-40
531,158,0.040,0.080,0.325,0.400,4.500,7.000,7.071534e-39,1.301197e-40,4.648207e-40
687,159,0.040,0.080,0.325,0.400,7.000,8.000,3.864212e-39,1.272467e-40,3.407899e-40
843,160,0.040,0.080,0.325,0.400,8.000,10.000,1.307302e-39,5.441533e-41,1.559383e-40
999,161,0.040,0.080,0.325,0.400,10.000,20.000,1.453303e-40,7.837905e-42,1.306390e-41
231,162,0.040,0.080,0.400,0.475,1.500,3.500,3.399344e-39,1.235890e-40,3.105384e-40
387,163,0.040,0.080,0.400,0.475,3.500,4.500,5.713977e-39,1.944077e-40,4.939178e-40
543,164,0.040,0.080,0.400,0.475,4.500,7.000,6.519462e-39,1.203913e-40,4.692726e-40
699,165,0.040,0.080,0.400,0.475,7.000,8.000,3.417660e-39,1.098804e-40,3.796091e-40
855,166,0.040,0.080,0.400,0.475,8.000,10.000,1.240627e-39,4.911901e-41,1.481344e-40
1011,167,0.040,0.080,0.400,0.475,10.000,20.000,1.519883e-40,7.756043e-42,1.577641e-41
243,168,0.040,0.080,0.475,0.550,1.500,3.500,2.788869e-39,1.190296e-40,2.604584e-40
399,169,0.040,0.080,0.475,0.550,3.500,4.500,3.956759e-39,1.611279e-40,3.760325e-40
555,170,0.040,0.080,0.475,0.550,4.500,7.000,5.045663e-39,1.062589e-40,4.220605e-40
711,171,0.040,0.080,0.475,0.550,7.000,8.000,2.767885e-39,1.049734e-40,3.713529e-40
867,172,0.040,0.080,0.475,0.550,8.000,10.000,9.082962e-40,3.799507e-41,1.342458e-40
1023,173,0.040,0.080,0.475,0.550,10.000,20.000,1.169385e-40,6.247905e-42,1.279183e-41
255,174,0.040,0.080,0.550,0.700,1.500,3.500,1.191859e-39,5.899116e-41,1.219405e-40
411,175,0.040,0.080,0.550,0.700,3.500,4.500,1.973259e-39,8.302778e-41,1.918406e-40
567,176,0.040,0.080,0.550,0.700,4.500,7.000,2.228104e-39,5.253363e-41,2.227877e-40
723,177,0.040,0.080,0.550,0.700,7.000,8.000,1.092438e-39,4.487641e-41,1.792533e-40
879,178,0.040,0.080,0.550,0.700,8.000,10.000,3.866888e-40,1.910266e-41,7.044963e-41
1035,179,0.040,0.080,0.550,0.700,10.000,20.000,5.518544e-41,3.552901e-42,7.439237e-42
267,180,0.040,0.080,0.700,0.850,1.500,3.500,4.384667e-40,4.026711e-41,6.349360e-41
423,181,0.040,0.080,0.700,0.850,3.500,4.500,8.780037e-40,5.958460e-41,1.146683e-40
579,182,0.040,0.080,0.700,0.850,4.500,7.000,7.758089e-40,2.890169e-41,9.571337e-41
735,183,0.040,0.080,0.700,0.850,7.000,8.000,3.348219e-40,2.135510e-41,6.206295e-41
891,184,0.040,0.080,0.700,0.850,8.000,10.000,1.040937e-40,8.432867e-42,2.429022e-41
1047,185,0.040,0.080,0.700,0.850,10.000,20.000,1.779106e-41,1.389028e-42,3.227720e-42
279,186,0.040,0.080,0.850,1.000,1.500,3.500,2.397496e-40,3.687758e-41,5.746173e-41
435,187,0.040,0.080,0.850,1.000,3.500,4.500,4.643321e-40,4.112684e-41,9.894409e-41
591,188,0.040,0.080,0.850,1.000,4.500,7.000,4.275546e-40,2.331520e-41,8.495481e-41
747,189,0.040,0.080,0.850,1.000,7.000,8.000,1.560615e-40,1.661889e-41,3.293298e-41
903,190,0.040,0.080,0.850,1.000,8.000,10.000,8.416711e-41,9.489050e-42,1.962217e-41
1059,191,0.040,0.080,0.850,1.000,10.000,20.000,1.017804e-41,1.163917e-42,2.419590e-42
291,192,0.040,0.080,1.000,2.500,1.500,3.500,1.094777e-41,2.417231e-42,4.205338e-42
447,193,0.040,0.080,1.000,2.500,3.500,4.500,4.652757e-41,8.390361e-42,1.579562e-41
603,194,0.040,0.080,1.000,2.500,4.500,7.000,4.077669e-41,3.068561e-42,1.104148e-41
759,195,0.040,0.080,1.000,2.500,7.000,8.000,1.502873e-41,1.571724e-42,4.867548e-42
915,196,0.040,0.080,1.000,2.500,8.000,10.000,6.104783e-42,7.741911e-43,1.784075e-42
1071,197,0.040,0.080,1.000,2.500,10.000,20.000,9.962571e-43,1.352225e-43,2.769588e-43
172,198,0.080,0.120,0.000,0.075,1.500,3.500,1.202291e-40,2.671681e-41,2.968921e-41
328,199,0.080,0.120,0.000,0.075,3.500,4.500,8.708570e-41,2.670980e-41,3.118900e-41
484,200,0.080,0.120,0.000,0.075,4.500,7.000,1.502121e-40,2.364280e-41,2.853041e-41
640,201,0.080,0.120,0.000,0.075,7.000,8.000,5.776202e-41,1.646350e-41,2.111040e-41
796,202,0.080,0.120,0.000,0.075,8.000,10.000,3.648631e-41,1.424338e-41,1.574044e-41
952,203,0.080,0.120,0.000,0.075,10.000,20.000,4.427887e-42,2.123633e-42,2.395298e-42
184,204,0.080,0.120,0.075,0.150,1.500,3.500,3.867877e-40,4.348406e-41,6.279535e-41
340,205,0.080,0.120,0.075,0.150,3.500,4.500,4.395111e-40,5.783798e-41,7.653384e-41
496,206,0.080,0.120,0.075,0.150,4.500,7.000,4.851104e-40,3.886248e-41,5.720976e-41
652,207,0.080,0.120,0.075,0.150,7.000,8.000,2.897815e-40,3.543863e-41,5.395843e-41
808,208,0.080,0.120,0.075,0.150,8.000,10.000,9.601200e-41,1.704905e-41,2.267810e-41
964,209,0.080,0.120,0.075,0.150,10.000,20.000,1.780131e-41,2.910037e-42,3.586012e-42
196,210,0.080,0.120,0.150,0.250,1.500,3.500,7.329898e-40,4.927188e-41,1.156041e-40
352,211,0.080,0.120,0.150,0.250,3.500,4.500,1.165205e-39,7.647383e-41,1.861050e-40
508,212,0.080,0.120,0.150,0.250,4.500,7.000,1.189019e-39,4.917106e-41,1.144021e-40
664,213,0.080,0.120,0.150,0.250,7.000,8.000,6.569523e-40,4.364199e-41,7.206281e-41
820,214,0.080,0.120,0.150,0.250,8.000,10.000,2.435561e-40,2.207543e-41,4.099624e-41
976,215,0.080,0.120,0.150,0.250,10.000,20.000,3.441402e-41,3.910789e-42,5.236908e-42
208,216,0.080,0.120,0.250,0.325,1.500,3.500,1.730260e-39,8.364558e-41,2.236388e-40
364,217,0.080,0.120,0.250,0.325,3.500,4.500,3.325499e-39,1.467964e-40,3.691865e-40
520,218,0.080,0.120,0.250,0.325,4.500,7.000,3.301981e-39,8.858994e-41,2.810071e-40
676,219,0.080,0.120,0.250,0.325,7.000,8.000,1.904596e-39,8.629976e-41,1.680762e-40
832,220,0.080,0.120,0.250,0.325,8.000,10.000,6.656230e-40,3.760313e-41,7.594142e-41
988,221,0.080,0.120,0.250,0.325,10.000,20.000,8.420065e-41,6.651547e-42,9.902558e-42
220,222,0.080,0.120,0.325,0.400,1.500,3.500,3.268115e-39,1.173881e-40,3.685018e-40
376,223,0.080,0.120,0.325,0.400,3.500,4.500,5.313185e-39,1.857260e-40,5.315926e-40
532,224,0.080,0.120,0.325,0.400,4.500,7.000,5.896046e-39,1.143383e-40,4.000618e-40
688,225,0.080,0.120,0.325,0.400,7.000,8.000,3.193384e-39,1.072196e-40,2.673068e-40
844,226,0.080,0.120,0.325,0.400,8.000,10.000,9.989137e-40,4.666749e-41,1.087512e-40
1000,227,0.080,0.120,0.325,0.400,10.000,20.000,1.196397e-40,7.287194e-42,1.154545e-41
232,228,0.080,0.120,0.400,0.475,1.500,3.500,3.887039e-39,1.304426e-40,3.524045e-40
388,229,0.080,0.120,0.400,0.475,3.500,4.500,6.356954e-39,2.028237e-40,5.261492e-40
544,230,0.080,0.120,0.400,0.475,4.500,7.000,6.914554e-39,1.224314e-40,4.412372e-40
700,231,0.080,0.120,0.400,0.475,7.000,8.000,3.667498e-39,1.161860e-40,3.356775e-40
856,232,0.080,0.120,0.400,0.475,8.000,10.000,1.294327e-39,5.201157e-41,1.552011e-40
1012,233,0.080,0.120,0.400,0.475,10.000,20.000,1.408203e-40,6.897129e-42,1.233756e-41
244,234,0.080,0.120,0.475,0.550,1.500,3.500,3.299523e-39,1.259651e-40,2.555157e-40
400,235,0.080,0.120,0.475,0.550,3.500,4.500,5.181970e-39,1.768287e-40,4.455888e-40
556,236,0.080,0.120,0.475,0.550,4.500,7.000,6.094441e-39,1.126167e-40,4.614127e-40
712,237,0.080,0.120,0.475,0.550,7.000,8.000,3.367993e-39,1.078639e-40,3.960797e-40
868,238,0.080,0.120,0.475,0.550,8.000,10.000,1.153247e-39,4.286809e-41,1.594908e-40
1024,239,0.080,0.120,0.475,0.550,10.000,20.000,1.541709e-40,7.307358e-42,1.646912e-41
256,240,0.080,0.120,0.550,0.700,1.500,3.500,1.781759e-39,6.930957e-41,1.725709e-40
412,241,0.080,0.120,0.550,0.700,3.500,4.500,3.154976e-39,1.066083e-40,3.019464e-40
568,242,0.080,0.120,0.550,0.700,4.500,7.000,3.564514e-39,6.643858e-41,3.385156e-40
724,243,0.080,0.120,0.550,0.700,7.000,8.000,1.746883e-39,5.976466e-41,2.653757e-40
880,244,0.080,0.120,0.550,0.700,8.000,10.000,6.377312e-40,2.622161e-41,1.094291e-40
1036,245,0.080,0.120,0.550,0.700,10.000,20.000,8.969041e-41,4.605069e-42,1.084638e-41
268,246,0.080,0.120,0.700,0.850,1.500,3.500,5.179226e-40,3.818732e-41,1.096581e-40
424,247,0.080,0.120,0.700,0.850,3.500,4.500,1.026224e-39,5.341979e-41,1.660518e-40
580,248,0.080,0.120,0.700,0.850,4.500,7.000,9.840260e-40,2.986518e-41,1.559275e-40
736,249,0.080,0.120,0.700,0.850,7.000,8.000,4.136933e-40,2.144007e-41,8.191067e-41
892,250,0.080,0.120,0.700,0.850,8.000,10.000,1.320950e-40,7.914876e-42,2.932920e-41
1048,251,0.080,0.120,0.700,0.850,10.000,20.000,2.149598e-41,1.422840e-42,4.338428e-42
280,252,0.080,0.120,0.850,1.000,1.500,3.500,2.351653e-40,2.946716e-41,7.563857e-41
436,253,0.080,0.120,0.850,1.000,3.500,4.500,6.208842e-40,4.645057e-41,1.856170e-40
592,254,0.080,0.120,0.850,1.000,4.500,7.000,5.206698e-40,2.225201e-41,1.377500e-40
748,255,0.080,0.120,0.850,1.000,7.000,8.000,1.759569e-40,1.258636e-41,5.148834e-41
904,256,0.080,0.120,0.850,1.000,8.000,10.000,7.813714e-41,6.935256e-42,2.091440e-41
1060,257,0.080,0.120,0.850,1.000,10.000,20.000,1.028596e-41,9.819140e-43,2.632518e-42
292,258,0.080,0.120,1.000,2.500,1.500,3.500,1.147788e-41,2.543466e-42,4.707897e-42
448,259,0.080,0.120,1.000,2.500,3.500,4.500,8.213196e-41,7.793371e-42,3.652154e-41
604,260,0.080,0.120,1.000,2.500,4.500,7.000,5.445118e-41,3.026802e-42,2.145873e-41
760,261,0.080,0.120,1.000,2.500,7.000,8.000,1.855203e-41,1.994577e-42,6.979635e-42
916,262,0.080,0.120,1.000,2.500,8.000,10.000,4.431368e-42,5.648702e-43,1.661609e-42
1072,263,0.080,0.120,1.000,2.500,10.000,20.000,8.512136e-43,1.042409e-43,2.013829e-43
173,264,0.120,0.160,0.000,0.075,1.500,3.500,1.120817e-40,2.313939e-41,2.658278e-41
329,265,0.120,0.160,0.000,0.075,3.500,4.500,1.397683e-40,4.359510e-41,4.976580e-41
485,266,0.120,0.160,0.000,0.075,4.500,7.000,1.763093e-40,2.710418e-41,3.251776e-41
641,267,0.120,0.160,0.000,0.075,7.000,8.000,7.240860e-41,2.260578e-41,2.871061e-41
797,268,0.120,0.160,0.000,0.075,8.000,10.000,2.650927e-41,1.080179e-41,1.264509e-41
953,269,0.120,0.160,0.000,0.075,10.000,20.000,3.560896e-42,1.692805e-42,2.013214e-42
185,270,0.120,0.160,0.075,0.150,1.500,3.500,3.382724e-40,4.265604e-41,5.969039e-41
341,271,0.120,0.160,0.075,0.150,3.500,4.500,4.555831e-40,6.645761e-41,9.265664e-41
497,272,0.120,0.160,0.075,0.150,4.500,7.000,5.394592e-40,4.834173e-41,7.169903e-41
653,273,0.120,0.160,0.075,0.150,7.000,8.000,2.888717e-40,4.589305e-41,6.886103e-41
809,274,0.120,0.160,0.075,0.150,8.000,10.000,7.767252e-41,1.361582e-41,2.197441e-41
965,275,0.120,0.160,0.075,0.150,10.000,20.000,1.641812e-41,3.657294e-42,4.552792e-42
197,276,0.120,0.160,0.150,0.250,1.500,3.500,6.192444e-40,4.950134e-41,1.053867e-40
353,277,0.120,0.160,0.150,0.250,3.500,4.500,1.050555e-39,8.396067e-41,1.761465e-40
509,278,0.120,0.160,0.150,0.250,4.500,7.000,9.916961e-40,5.198023e-41,1.049364e-40
665,279,0.120,0.160,0.150,0.250,7.000,8.000,5.164093e-40,4.280541e-41,7.118812e-41
821,280,0.120,0.160,0.150,0.250,8.000,10.000,1.971294e-40,2.259814e-41,4.264702e-41
977,281,0.120,0.160,0.150,0.250,10.000,20.000,2.261876e-41,2.875281e-42,4.245713e-42
209,282,0.120,0.160,0.250,0.325,1.500,3.500,9.955526e-40,6.332952e-41,1.547634e-40
365,283,0.120,0.160,0.250,0.325,3.500,4.500,1.878895e-39,1.106755e-40,2.987511e-40
521,284,0.120,0.160,0.250,0.325,4.500,7.000,1.840692e-39,6.588370e-41,1.790766e-40
677,285,0.120,0.160,0.250,0.325,7.000,8.000,9.103234e-40,4.930670e-41,8.523214e-41
833,286,0.120,0.160,0.250,0.325,8.000,10.000,3.811258e-40,3.084667e-41,5.891988e-41
989,287,0.120,0.160,0.250,0.325,10.000,20.000,4.652513e-41,4.667481e-42,7.648807e-42
221,288,0.120,0.160,0.325,0.400,1.500,3.500,2.060194e-39,9.685019e-41,2.759063e-40
377,289,0.120,0.160,0.325,0.400,3.500,4.500,3.465609e-39,1.446716e-40,3.709905e-40
533,290,0.120,0.160,0.325,0.400,4.500,7.000,3.543656e-39,8.957528e-41,3.115682e-40
689,291,0.120,0.160,0.325,0.400,7.000,8.000,2.000318e-39,8.739359e-41,1.659633e-40
845,292,0.120,0.160,0.325,0.400,8.000,10.000,6.935262e-40,4.028128e-41,6.757947e-41
1001,293,0.120,0.160,0.325,0.400,10.000,20.000,8.207292e-41,6.749518e-42,1.131559e-41
233,294,0.120,0.160,0.400,0.475,1.500,3.500,3.370303e-39,1.314181e-40,4.015321e-40
389,295,0.120,0.160,0.400,0.475,3.500,4.500,5.182063e-39,1.834959e-40,4.993088e-40
545,296,0.120,0.160,0.400,0.475,4.500,7.000,5.399440e-39,1.109489e-40,3.998026e-40
701,297,0.120,0.160,0.400,0.475,7.000,8.000,2.777580e-39,9.852892e-41,2.875435e-40
857,298,0.120,0.160,0.400,0.475,8.000,10.000,9.866641e-40,4.321625e-41,1.080672e-40
1013,299,0.120,0.160,0.400,0.475,10.000,20.000,1.191065e-40,6.697721e-42,1.119664e-41
245,300,0.120,0.160,0.475,0.550,1.500,3.500,3.512670e-39,1.351054e-40,2.854525e-40
401,301,0.120,0.160,0.475,0.550,3.500,4.500,6.173229e-39,2.099784e-40,5.185010e-40
557,302,0.120,0.160,0.475,0.550,4.500,7.000,6.553863e-39,1.265004e-40,3.980931e-40
713,303,0.120,0.160,0.475,0.550,7.000,8.000,3.182130e-39,1.049388e-40,2.967220e-40
869,304,0.120,0.160,0.475,0.550,8.000,10.000,1.125003e-39,4.663898e-41,1.385023e-40
1025,305,0.120,0.160,0.475,0.550,10.000,20.000,1.445454e-40,7.364866e-42,1.401684e-41
257,306,0.120,0.160,0.550,0.700,1.500,3.500,2.475921e-39,8.700707e-41,2.295730e-40
413,307,0.120,0.160,0.550,0.700,3.500,4.500,4.397734e-39,1.316148e-40,3.766029e-40
569,308,0.120,0.160,0.550,0.700,4.500,7.000,4.840650e-39,8.179095e-41,3.839728e-40
725,309,0.120,0.160,0.550,0.700,7.000,8.000,2.304931e-39,7.305746e-41,2.964065e-40
881,310,0.120,0.160,0.550,0.700,8.000,10.000,8.442212e-40,3.196287e-41,1.169063e-40
1037,311,0.120,0.160,0.550,0.700,10.000,20.000,1.110416e-40,5.383430e-42,1.303696e-41
269,312,0.120,0.160,0.700,0.850,1.500,3.500,7.588246e-40,4.595153e-41,1.818350e-40
425,313,0.120,0.160,0.700,0.850,3.500,4.500,1.473775e-39,7.112904e-41,2.550916e-40
581,314,0.120,0.160,0.700,0.850,4.500,7.000,1.516949e-39,4.074385e-41,2.457901e-40
737,315,0.120,0.160,0.700,0.850,7.000,8.000,7.042280e-40,3.233750e-41,1.380387e-40
893,316,0.120,0.160,0.700,0.850,8.000,10.000,2.530843e-40,1.360340e-41,5.490941e-41
1049,317,0.120,0.160,0.700,0.850,10.000,20.000,3.518865e-41,2.361119e-42,6.503827e-42
281,318,0.120,0.160,0.850,1.000,1.500,3.500,2.860148e-40,3.067984e-41,1.104725e-40
437,319,0.120,0.160,0.850,1.000,3.500,4.500,5.961110e-40,3.767748e-41,1.927828e-40
593,320,0.120,0.160,0.850,1.000,4.500,7.000,5.529526e-40,2.033427e-41,1.649841e-40
749,321,0.120,0.160,0.850,1.000,7.000,8.000,1.832479e-40,1.226777e-41,5.521734e-41
905,322,0.120,0.160,0.850,1.000,8.000,10.000,8.483509e-41,6.107125e-42,2.535389e-41
1061,323,0.120,0.160,0.850,1.000,10.000,20.000,8.429474e-42,1.007258e-42,2.470597e-42
293,324,0.120,0.160,1.000,2.500,1.500,3.500,1.487178e-41,2.678456e-42,7.180385e-42
449,325,0.120,0.160,1.000,2.500,3.500,4.500,5.972976e-41,4.699463e-42,2.693148e-41
605,326,0.120,0.160,1.000,2.500,4.500,7.000,5.313124e-41,2.396173e-42,2.236775e-41
761,327,0.120,0.160,1.000,2.500,7.000,8.000,1.151825e-41,1.028375e-42,4.291823e-42
917,328,0.120,0.160,1.000,2.500,8.000,10.000,4.754072e-42,6.502897e-43,1.673160e-42
1073,329,0.120,0.160,1.000,2.500,10.000,20.000,7.616444e-43,8.545623e-44,1.906578e-43
174,330,0.160,0.240,0.000,0.075,1.500,3.500,4.856060e-41,1.367302e-41,1.665742e-41
330,331,0.160,0.240,0.000,0.075,3.500,4.500,6.559894e-41,2.286365e-41,2.605567e-41
486,332,0.160,0.240,0.000,0.075,4.500,7.000,7.833461e-41,1.476019e-41,1.706236e-41
642,333,0.160,0.240,0.000,0.075,7.000,8.000,1.844655e-41,7.995738e-42,1.042775e-41
798,334,0.160,0.240,0.000,0.075,8.000,10.000,1.010837e-41,4.732981e-42,5.496534e-42
954,335,0.160,0.240,0.000,0.075,10.000,20.000,1.547214e-42,8.777753e-43,9.970150e-43
186,336,0.160,0.240,0.075,0.150,1.500,3.500,2.367243e-40,2.955295e-41,4.608044e-41
342,337,0.160,0.240,0.075,0.150,3.500,4.500,3.649335e-40,5.126512e-41,7.025961e-41
498,338,0.160,0.240,0.075,0.150,4.500,7.000,2.909346e-40,2.869284e-41,4.413462e-41
654,339,0.160,0.240,0.075,0.150,7.000,8.000,1.403799e-40,2.338622e-41,3.456016e-41
810,340,0.160,0.240,0.075,0.150,8.000,10.000,4.297730e-41,9.622169e-42,1.482036e-41
966,341,0.160,0.240,0.075,0.150,10.000,20.000,9.803625e-42,2.217761e-42,2.491800e-42
198,342,0.160,0.240,0.150,0.250,1.500,3.500,4.899592e-40,3.887673e-41,8.211390e-41
354,343,0.160,0.240,0.150,0.250,3.500,4.500,8.693461e-40,6.772460e-41,1.246694e-40
510,344,0.160,0.240,0.150,0.250,4.500,7.000,7.158889e-40,3.888306e-41,7.980357e-41
666,345,0.160,0.240,0.150,0.250,7.000,8.000,3.461754e-40,3.500418e-41,6.191268e-41
822,346,0.160,0.240,0.150,0.250,8.000,10.000,1.202168e-40,1.495275e-41,3.137932e-41
978,347,0.160,0.240,0.150,0.250,10.000,20.000,2.170574e-41,3.050274e-42,4.026568e-42
210,348,0.160,0.240,0.250,0.325,1.500,3.500,8.715797e-40,5.865876e-41,1.551854e-40
366,349,0.160,0.240,0.250,0.325,3.500,4.500,1.554376e-39,1.026723e-40,2.458638e-40
522,350,0.160,0.240,0.250,0.325,4.500,7.000,1.311596e-39,5.717182e-41,1.481639e-40
678,351,0.160,0.240,0.250,0.325,7.000,8.000,6.805196e-40,4.708734e-41,1.025450e-40
834,352,0.160,0.240,0.250,0.325,8.000,10.000,2.624126e-40,2.494725e-41,5.662513e-41
990,353,0.160,0.240,0.250,0.325,10.000,20.000,3.672819e-41,3.814199e-42,6.391450e-42
222,354,0.160,0.240,0.325,0.400,1.500,3.500,1.152411e-39,6.541129e-41,1.776370e-40
378,355,0.160,0.240,0.325,0.400,3.500,4.500,2.034890e-39,1.063460e-40,2.623354e-40
534,356,0.160,0.240,0.325,0.400,4.500,7.000,1.896258e-39,6.190546e-41,2.088435e-40
690,357,0.160,0.240,0.325,0.400,7.000,8.000,1.015888e-39,5.985549e-41,1.609015e-40
846,358,0.160,0.240,0.325,0.400,8.000,10.000,4.098573e-40,2.737500e-41,6.766143e-41
1002,359,0.160,0.240,0.325,0.400,10.000,20.000,4.358334e-41,4.021035e-42,7.478406e-42
234,360,0.160,0.240,0.400,0.475,1.500,3.500,1.861145e-39,8.225595e-41,2.943705e-40
390,361,0.160,0.240,0.400,0.475,3.500,4.500,3.100076e-39,1.286766e-40,4.295752e-40
546,362,0.160,0.240,0.400,0.475,4.500,7.000,2.880622e-39,7.083377e-41,3.031775e-40
702,363,0.160,0.240,0.400,0.475,7.000,8.000,1.506105e-39,6.410429e-41,1.710340e-40
858,364,0.160,0.240,0.400,0.475,8.000,10.000,5.691657e-40,3.095184e-41,8.693746e-41
1014,365,0.160,0.240,0.400,0.475,10.000,20.000,6.527299e-41,4.596454e-42,9.353341e-42
246,366,0.160,0.240,0.475,0.550,1.500,3.500,2.467770e-39,9.558873e-41,2.478909e-40
402,367,0.160,0.240,0.475,0.550,3.500,4.500,4.515348e-39,1.479043e-40,4.024054e-40
558,368,0.160,0.240,0.475,0.550,4.500,7.000,4.458041e-39,8.555372e-41,3.276286e-40
714,369,0.160,0.240,0.475,0.550,7.000,8.000,1.977110e-39,7.254665e-41,1.745431e-40
870,370,0.160,0.240,0.475,0.550,8.000,10.000,7.668262e-40,3.390921e-41,8.177974e-41
1026,371,0.160,0.240,0.475,0.550,10.000,20.000,8.609585e-41,4.730757e-42,8.524017e-42
258,372,0.160,0.240,0.550,0.700,1.500,3.500,2.548276e-39,7.284625e-41,1.918600e-40
414,373,0.160,0.240,0.550,0.700,3.500,4.500,4.148109e-39,1.049519e-40,2.675342e-40
570,374,0.160,0.240,0.550,0.700,4.500,7.000,4.605278e-39,6.516803e-41,2.297753e-40
726,375,0.160,0.240,0.550,0.700,7.000,8.000,2.036934e-39,5.688546e-41,1.980304e-40
882,376,0.160,0.240,0.550,0.700,8.000,10.000,7.705162e-40,2.604963e-41,8.100731e-41
1038,377,0.160,0.240,0.550,0.700,10.000,20.000,9.582049e-41,4.135364e-42,7.606717e-42
270,378,0.160,0.240,0.700,0.850,1.500,3.500,1.363293e-39,5.699674e-41,2.112480e-40
426,379,0.160,0.240,0.700,0.850,3.500,4.500,2.330275e-39,7.944865e-41,3.013443e-40
582,380,0.160,0.240,0.700,0.850,4.500,7.000,2.502936e-39,4.786432e-41,2.862339e-40
738,381,0.160,0.240,0.700,0.850,7.000,8.000,1.149644e-39,4.070124e-41,1.703573e-40
894,382,0.160,0.240,0.700,0.850,8.000,10.000,4.114565e-40,1.742160e-41,6.487859e-41
1050,383,0.160,0.240,0.700,0.850,10.000,20.000,5.363599e-41,2.904960e-42,6.845847e-42
282,384,0.160,0.240,0.850,1.000,1.500,3.500,2.783236e-40,2.188251e-41,9.414560e-41
438,385,0.160,0.240,0.850,1.000,3.500,4.500,7.424927e-40,3.643468e-41,2.241333e-40
594,386,0.160,0.240,0.850,1.000,4.500,7.000,6.865231e-40,1.964133e-41,1.742913e-40
750,387,0.160,0.240,0.850,1.000,7.000,8.000,2.651076e-40,1.376407e-41,7.047662e-41
906,388,0.160,0.240,0.850,1.000,8.000,10.000,1.023418e-40,5.939613e-42,2.782437e-41
1062,389,0.160,0.240,0.850,1.000,10.000,20.000,1.356951e-41,9.528213e-43,3.087532e-42
294,390,0.160,0.240,1.000,2.500,1.500,3.500,1.415224e-41,2.003885e-42,6.316183e-42
450,391,0.160,0.240,1.000,2.500,3.500,4.500,5.532178e-41,4.098086e-42,2.208120e-41
606,392,0.160,0.240,1.000,2.500,4.500,7.000,4.620420e-41,1.639865e-42,1.665619e-41
762,393,0.160,0.240,1.000,2.500,7.000,8.000,1.158373e-41,8.417236e-43,4.481578e-42
918,394,0.160,0.240,1.000,2.500,8.000,10.000,3.820599e-42,2.769233e-43,1.390627e-42
1074,395,0.160,0.240,1.000,2.500,10.000,20.000,4.838549e-43,6.245307e-44,1.427319e-43
175,396,0.240,0.320,0.000,0.075,1.500,3.500,9.420855e-42,5.383663e-42,6.544477e-42
331,397,0.240,0.320,0.000,0.075,3.500,4.500,1.406409e-41,8.632294e-42,9.474738e-42
487,398,0.240,0.320,0.000,0.075,4.500,7.000,3.424698e-41,1.000113e-41,1.194372e-41
643,399,0.240,0.320,0.000,0.075,7.000,8.000,9.991966e-42,5.427246e-42,6.573242e-42
799,400,0.240,0.320,0.000,0.075,8.000,10.000,4.991070e-42,3.335952e-42,3.803552e-42
955,401,0.240,0.320,0.000,0.075,10.000,20.000,8.508426e-43,6.259450e-43,6.775745e-43
187,402,0.240,0.320,0.075,0.150,1.500,3.500,1.038126e-40,1.758199e-41,2.722524e-41
343,403,0.240,0.320,0.075,0.150,3.500,4.500,1.098088e-40,2.278553e-41,3.173323e-41
499,404,0.240,0.320,0.075,0.150,4.500,7.000,1.392926e-40,1.895981e-41,2.672319e-41
655,405,0.240,0.320,0.075,0.150,7.000,8.000,6.546168e-41,1.495596e-41,2.136115e-41
811,406,0.240,0.320,0.075,0.150,8.000,10.000,2.406739e-41,7.598512e-42,9.760430e-42
967,407,0.240,0.320,0.075,0.150,10.000,20.000,3.867705e-42,1.263995e-42,1.456088e-42
199,408,0.240,0.320,0.150,0.250,1.500,3.500,2.344334e-40,2.457765e-41,4.247231e-41
355,409,0.240,0.320,0.150,0.250,3.500,4.500,4.103272e-40,4.339525e-41,7.698593e-41
511,410,0.240,0.320,0.150,0.250,4.500,7.000,3.781533e-40,2.821636e-41,4.988439e-41
667,411,0.240,0.320,0.150,0.250,7.000,8.000,1.592561e-40,2.193405e-41,4.033769e-41
823,412,0.240,0.320,0.150,0.250,8.000,10.000,5.523176e-41,9.498130e-42,1.829724e-41
979,413,0.240,0.320,0.150,0.250,10.000,20.000,1.081148e-41,1.954319e-42,2.615000e-42
211,414,0.240,0.320,0.250,0.325,1.500,3.500,5.948445e-40,4.806273e-41,1.070083e-40
367,415,0.240,0.320,0.250,0.325,3.500,4.500,9.827242e-40,8.096244e-41,1.562436e-40
523,416,0.240,0.320,0.250,0.325,4.500,7.000,7.852641e-40,4.546229e-41,1.010717e-40
679,417,0.240,0.320,0.250,0.325,7.000,8.000,3.333968e-40,4.030917e-41,7.444073e-41
835,418,0.240,0.320,0.250,0.325,8.000,10.000,1.307097e-40,1.670384e-41,3.776521e-41
991,419,0.240,0.320,0.250,0.325,10.000,20.000,1.827909e-41,2.991482e-42,3.961666e-42
223,420,0.240,0.320,0.325,0.400,1.500,3.500,7.455545e-40,5.567823e-41,1.269771e-40
379,421,0.240,0.320,0.325,0.400,3.500,4.500,1.410465e-39,9.554621e-41,1.984945e-40
535,422,0.240,0.320,0.325,0.400,4.500,7.000,1.184714e-39,5.467373e-41,1.501508e-40
691,423,0.240,0.320,0.325,0.400,7.000,8.000,4.948162e-40,4.073952e-41,9.708608e-41
847,424,0.240,0.320,0.325,0.400,8.000,10.000,1.830063e-40,1.979242e-41,4.971092e-41
1003,425,0.240,0.320,0.325,0.400,10.000,20.000,2.293318e-41,2.721141e-42,4.135839e-42
235,426,0.240,0.320,0.400,0.475,1.500,3.500,1.217053e-39,7.026807e-41,1.913680e-40
391,427,0.240,0.320,0.400,0.475,3.500,4.500,1.748319e-39,1.051657e-40,2.344166e-40
547,428,0.240,0.320,0.400,0.475,4.500,7.000,1.633308e-39,5.906103e-41,1.561188e-40
703,429,0.240,0.320,0.400,0.475,7.000,8.000,7.416898e-40,4.802249e-41,1.031884e-40
859,430,0.240,0.320,0.400,0.475,8.000,10.000,2.715490e-40,2.238676e-41,5.161034e-41
1015,431,0.240,0.320,0.400,0.475,10.000,20.000,3.885171e-41,3.705565e-42,5.447730e-42
247,432,0.240,0.320,0.475,0.550,1.500,3.500,1.774868e-39,9.028430e-41,2.162647e-40
403,433,0.240,0.320,0.475,0.550,3.500,4.500,2.824854e-39,1.299076e-40,3.304025e-40
559,434,0.240,0.320,0.475,0.550,4.500,7.000,2.519541e-39,7.148157e-41,2.467467e-40
715,435,0.240,0.320,0.475,0.550,7.000,8.000,1.164449e-39,6.106789e-41,1.519387e-40
871,436,0.240,0.320,0.475,0.550,8.000,10.000,4.919844e-40,3.035910e-41,6.896698e-41
1027,437,0.240,0.320,0.475,0.550,10.000,20.000,5.834973e-41,4.196835e-42,6.237660e-42
259,438,0.240,0.320,0.550,0.700,1.500,3.500,2.347684e-39,7.575006e-41,2.121462e-40
415,439,0.240,0.320,0.550,0.700,3.500,4.500,3.791782e-39,1.093713e-40,3.271782e-40
571,440,0.240,0.320,0.550,0.700,4.500,7.000,3.672337e-39,6.371670e-41,2.546414e-40
727,441,0.240,0.320,0.550,0.700,7.000,8.000,1.667556e-39,5.639995e-41,1.810116e-40
883,442,0.240,0.320,0.550,0.700,8.000,10.000,5.813841e-40,2.434320e-41,7.193703e-41
1039,443,0.240,0.320,0.550,0.700,10.000,20.000,7.307538e-41,4.008581e-42,6.815158e-42
271,444,0.240,0.320,0.700,0.850,1.500,3.500,1.612377e-39,6.343257e-41,1.380464e-40
427,445,0.240,0.320,0.700,0.850,3.500,4.500,2.873178e-39,8.989480e-41,2.453248e-40
583,446,0.240,0.320,0.700,0.850,4.500,7.000,2.959991e-39,5.219323e-41,1.982354e-40
739,447,0.240,0.320,0.700,0.850,7.000,8.000,1.333202e-39,4.578602e-41,1.467369e-40
895,448,0.240,0.320,0.700,0.850,8.000,10.000,4.798893e-40,2.022931e-41,6.012711e-41
1051,449,0.240,0.320,0.700,0.850,10.000,20.000,6.544290e-41,3.394219e-42,5.725773e-42
283,450,0.240,0.320,0.850,1.000,1.500,3.500,4.907644e-40,3.285995e-41,1.058902e-40
439,451,0.240,0.320,0.850,1.000,3.500,4.500,1.242383e-39,5.407711e-41,2.345122e-40
595,452,0.240,0.320,0.850,1.000,4.500,7.000,1.263320e-39,3.186866e-41,2.057148e-40
751,453,0.240,0.320,0.850,1.000,7.000,8.000,5.145248e-40,2.464075e-41,9.972792e-41
907,454,0.240,0.320,0.850,1.000,8.000,10.000,2.027064e-40,1.103397e-41,4.232482e-41
1063,455,0.240,0.320,0.850,1.000,10.000,20.000,3.038947e-41,2.106663e-42,4.973083e-42
295,456,0.240,0.320,1.000,2.500,1.500,3.500,1.073871e-41,1.602135e-42,3.264800e-42
451,457,0.240,0.320,1.000,2.500,3.500,4.500,4.778676e-41,3.189373e-42,1.252782e-41
607,458,0.240,0.320,1.000,2.500,4.500,7.000,4.480088e-41,1.545016e-42,1.263308e-41
763,459,0.240,0.320,1.000,2.500,7.000,8.000,1.574298e-41,9.663445e-43,5.402891e-42
919,460,0.240,0.320,1.000,2.500,8.000,10.000,4.475253e-42,3.532527e-43,1.324867e-42
1075,461,0.240,0.320,1.000,2.500,10.000,20.000,4.929956e-43,6.242602e-44,1.288106e-43
176,462,0.320,0.400,0.000,0.075,1.500,3.500,3.284421e-43,6.523376e-43,7.109268e-43
332,463,0.320,0.400,0.000,0.075,3.500,4.500,9.602680e-43,1.222027e-42,1.307725e-42
488,464,0.320,0.400,0.000,0.075,4.500,7.000,1.563319e-42,1.409793e-42,1.679546e-42
644,465,0.320,0.400,0.000,0.075,7.000,8.000,5.010921e-43,1.035871e-42,1.110954e-42
800,466,0.320,0.400,0.000,0.075,8.000,10.000,4.935104e-43,6.506020e-43,7.005307e-43
956,467,0.320,0.400,0.000,0.075,10.000,20.000,1.423169e-44,3.567777e-44,4.102924e-44
188,468,0.320,0.400,0.075,0.150,1.500,3.500,4.186010e-41,1.191430e-41,1.484279e-41
344,469,0.320,0.400,0.075,0.150,3.500,4.500,4.839043e-41,1.408293e-41,1.684552e-41
500,470,0.320,0.400,0.075,0.150,4.500,7.000,4.047676e-41,9.683674e-42,1.356930e-41
656,471,0.320,0.400,0.075,0.150,7.000,8.000,1.044751e-41,4.456138e-42,6.641658e-42
812,472,0.320,0.400,0.075,0.150,8.000,10.000,2.772812e-42,1.507277e-42,1.995857e-42
968,473,0.320,0.400,0.075,0.150,10.000,20.000,6.321719e-43,4.401758e-43,4.568425e-43
200,474,0.320,0.400,0.150,0.250,1.500,3.500,1.629492e-40,2.307946e-41,3.344691e-41
356,475,0.320,0.400,0.150,0.250,3.500,4.500,1.993026e-40,3.057114e-41,4.613621e-41
512,476,0.320,0.400,0.150,0.250,4.500,7.000,1.536311e-40,1.824231e-41,3.116697e-41
668,477,0.320,0.400,0.150,0.250,7.000,8.000,4.937232e-41,1.175507e-41,1.957681e-41
824,478,0.320,0.400,0.150,0.250,8.000,10.000,1.861769e-41,5.524091e-42,8.639353e-42
980,479,0.320,0.400,0.150,0.250,10.000,20.000,3.810864e-42,1.147936e-42,1.396878e-42
212,480,0.320,0.400,0.250,0.325,1.500,3.500,4.158922e-40,4.354827e-41,7.362315e-41
368,481,0.320,0.400,0.250,0.325,3.500,4.500,5.774536e-40,6.393417e-41,1.070295e-40
524,482,0.320,0.400,0.250,0.325,4.500,7.000,3.814108e-40,3.453377e-41,7.263922e-41
680,483,0.320,0.400,0.250,0.325,7.000,8.000,1.295158e-40,2.043734e-41,4.196526e-41
836,484,0.320,0.400,0.250,0.325,8.000,10.000,6.101358e-41,1.291007e-41,2.216106e-41
992,485,0.320,0.400,0.250,0.325,10.000,20.000,9.891610e-42,2.032000e-42,2.615833e-42
224,486,0.320,0.400,0.325,0.400,1.500,3.500,5.486862e-40,4.874631e-41,9.828585e-41
380,487,0.320,0.400,0.325,0.400,3.500,4.500,8.517042e-40,7.834601e-41,1.491923e-40
536,488,0.320,0.400,0.325,0.400,4.500,7.000,6.987944e-40,4.733685e-41,1.076844e-40
692,489,0.320,0.400,0.325,0.400,7.000,8.000,2.488253e-40,3.217961e-41,7.585500e-41
848,490,0.320,0.400,0.325,0.400,8.000,10.000,1.095781e-40,1.803708e-41,3.368619e-41
1004,491,0.320,0.400,0.325,0.400,10.000,20.000,1.876342e-41,2.826323e-42,3.794232e-42
236,492,0.320,0.400,0.400,0.475,1.500,3.500,9.564036e-40,6.864862e-41,1.572115e-40
392,493,0.320,0.400,0.400,0.475,3.500,4.500,1.246348e-39,9.035771e-41,1.954209e-40
548,494,0.320,0.400,0.400,0.475,4.500,7.000,1.013568e-39,5.382229e-41,1.402079e-40
704,495,0.320,0.400,0.400,0.475,7.000,8.000,3.792716e-40,3.981737e-41,9.467604e-41
860,496,0.320,0.400,0.400,0.475,8.000,10.000,1.679129e-40,2.095561e-41,4.728833e-41
1016,497,0.320,0.400,0.400,0.475,10.000,20.000,2.480881e-41,3.250306e-42,4.645658e-42
248,498,0.320,0.400,0.475,0.550,1.500,3.500,1.083603e-39,7.772837e-41,1.508471e-40
404,499,0.320,0.400,0.475,0.550,3.500,4.500,1.429632e-39,9.587108e-41,2.078155e-40
560,500,0.320,0.400,0.475,0.550,4.500,7.000,1.169029e-39,5.366852e-41,1.391498e-40
716,501,0.320,0.400,0.475,0.550,7.000,8.000,4.757224e-40,3.954796e-41,9.795304e-41
872,502,0.320,0.400,0.475,0.550,8.000,10.000,1.751612e-40,1.868920e-41,4.505320e-41
1028,503,0.320,0.400,0.475,0.550,10.000,20.000,2.795705e-41,3.203074e-42,4.085474e-42
260,504,0.320,0.400,0.550,0.700,1.500,3.500,1.823192e-39,8.064859e-41,1.973104e-40
416,505,0.320,0.400,0.550,0.700,3.500,4.500,2.738950e-39,1.066372e-40,3.304457e-40
572,506,0.320,0.400,0.550,0.700,4.500,7.000,2.403140e-39,6.050841e-41,2.194626e-40
728,507,0.320,0.400,0.550,0.700,7.000,8.000,9.614339e-40,4.747272e-41,1.320763e-40
884,508,0.320,0.400,0.550,0.700,8.000,10.000,3.373860e-40,2.247733e-41,5.591097e-41
1040,509,0.320,0.400,0.550,0.700,10.000,20.000,4.383402e-41,3.590977e-42,5.580600e-42
272,510,0.320,0.400,0.700,0.850,1.500,3.500,1.471430e-39,6.350069e-41,1.797543e-40
428,511,0.320,0.400,0.700,0.850,3.500,4.500,2.873948e-39,9.925010e-41,2.801584e-40
584,512,0.320,0.400,0.700,0.850,4.500,7.000,2.740071e-39,5.597501e-41,1.921276e-40
740,513,0.320,0.400,0.700,0.850,7.000,8.000,1.093777e-39,4.626977e-41,1.365280e-40
896,514,0.320,0.400,0.700,0.850,8.000,10.000,4.257421e-40,2.174537e-41,4.987426e-41
1052,515,0.320,0.400,0.700,0.850,10.000,20.000,5.842872e-41,3.443476e-42,5.102031e-42
284,516,0.320,0.400,0.850,1.000,1.500,3.500,7.805019e-40,5.162263e-41,9.183146e-41
440,517,0.320,0.400,0.850,1.000,3.500,4.500,1.976773e-39,8.072474e-41,2.191120e-40
596,518,0.320,0.400,0.850,1.000,4.500,7.000,1.847377e-39,4.331304e-41,1.802783e-40
752,519,0.320,0.400,0.850,1.000,7.000,8.000,7.047889e-40,3.381556e-41,1.169122e-40
908,520,0.320,0.400,0.850,1.000,8.000,10.000,2.495118e-40,1.366890e-41,4.361803e-41
1064,521,0.320,0.400,0.850,1.000,10.000,20.000,3.822783e-41,2.699760e-42,4.806598e-42
296,522,0.320,0.400,1.000,2.500,1.500,3.500,6.488275e-42,1.142399e-42,2.369431e-42
452,523,0.320,0.400,1.000,2.500,3.500,4.500,4.834882e-41,3.601406e-42,1.088985e-41
608,524,0.320,0.400,1.000,2.500,4.500,7.000,5.096550e-41,1.765339e-42,9.152044e-42
764,525,0.320,0.400,1.000,2.500,7.000,8.000,2.306296e-41,1.384006e-42,5.909586e-42
920,526,0.320,0.400,1.000,2.500,8.000,10.000,7.013601e-42,5.467416e-43,1.899657e-42
1076,527,0.320,0.400,1.000,2.500,10.000,20.000,8.944682e-43,9.175761e-44,1.878180e-43
177,528,0.400,0.600,0.000,0.075,1.500,3.500,2.626227e-43,4.911375e-43,5.865774e-43
333,529,0.400,0.600,0.000,0.075,3.500,4.500,4.191955e-43,7.748554e-43,8.712800e-43
489,530,0.400,0.600,0.000,0.075,4.500,7.000,6.313124e-43,7.843354e-43,9.780695e-43
645,531,0.400,0.600,0.000,0.075,7.000,8.000,8.573537e-44,2.084161e-43,2.269304e-43
801,532,0.400,0.600,0.000,0.075,8.000,10.000,1.346491e-43,3.193979e-43,3.361723e-43
957,533,0.400,0.600,0.000,0.075,10.000,20.000,3.702186e-44,5.324360e-44,6.005134e-44
189,534,0.400,0.600,0.075,0.150,1.500,3.500,3.312902e-41,8.709539e-42,1.127435e-41
345,535,0.400,0.600,0.075,0.150,3.500,4.500,6.207500e-41,1.540064e-41,2.048172e-41
501,536,0.400,0.600,0.075,0.150,4.500,7.000,2.553043e-41,6.867092e-42,8.553118e-42
657,537,0.400,0.600,0.075,0.150,7.000,8.000,5.318325e-42,3.198650e-42,3.621015e-42
813,538,0.400,0.600,0.075,0.150,8.000,10.000,2.468656e-42,1.613984e-42,1.876548e-42
969,539,0.400,0.600,0.075,0.150,10.000,20.000,5.792673e-43,4.270922e-43,4.455133e-43
201,540,0.400,0.600,0.150,0.250,1.500,3.500,7.938780e-41,1.350391e-41,1.919174e-41
357,541,0.400,0.600,0.150,0.250,3.500,4.500,1.319018e-40,2.310018e-41,3.011891e-41
513,542,0.400,0.600,0.150,0.250,4.500,7.000,4.299105e-41,8.862654e-42,1.408980e-41
669,543,0.400,0.600,0.150,0.250,7.000,8.000,1.572700e-41,5.546689e-42,9.071136e-42
825,544,0.400,0.600,0.150,0.250,8.000,10.000,7.517338e-42,3.124706e-42,4.126521e-42
981,545,0.400,0.600,0.150,0.250,10.000,20.000,1.323087e-42,5.693603e-43,6.351164e-43
213,546,0.400,0.600,0.250,0.325,1.500,3.500,1.004266e-40,2.006106e-41,3.614467e-41
369,547,0.400,0.600,0.250,0.325,3.500,4.500,1.476682e-40,2.961604e-41,4.358326e-41
525,548,0.400,0.600,0.250,0.325,4.500,7.000,3.644905e-41,8.551049e-42,1.548475e-41
681,549,0.400,0.600,0.250,0.325,7.000,8.000,1.291251e-41,4.324635e-42,9.521919e-42
837,550,0.400,0.600,0.250,0.325,8.000,10.000,1.062413e-41,3.940138e-42,7.088072e-42
993,551,0.400,0.600,0.250,0.325,10.000,20.000,1.829301e-42,6.073055e-43,7.616415e-43
225,552,0.400,0.600,0.325,0.400,1.500,3.500,1.984702e-40,2.712006e-41,4.648087e-41
381,553,0.400,0.600,0.325,0.400,3.500,4.500,2.436380e-40,3.738995e-41,6.185442e-41
537,554,0.400,0.600,0.325,0.400,4.500,7.000,1.136101e-40,1.618805e-41,3.469702e-41
693,555,0.400,0.600,0.325,0.400,7.000,8.000,2.826700e-41,7.617708e-42,1.760652e-41
849,556,0.400,0.600,0.325,0.400,8.000,10.000,1.612769e-41,4.895754e-42,9.660039e-42
1005,557,0.400,0.600,0.325,0.400,10.000,20.000,3.583023e-42,9.859861e-43,1.277749e-42
237,558,0.400,0.600,0.400,0.475,1.500,3.500,3.757649e-40,3.905014e-41,8.379216e-41
393,559,0.400,0.600,0.400,0.475,3.500,4.500,4.659014e-40,5.209666e-41,1.011247e-40
549,560,0.400,0.600,0.400,0.475,4.500,7.000,2.459678e-40,2.343065e-41,5.284230e-41
705,561,0.400,0.600,0.400,0.475,7.000,8.000,7.927414e-41,1.450167e-41,3.473155e-41
861,562,0.400,0.600,0.400,0.475,8.000,10.000,3.897738e-41,7.689855e-42,1.755440e-41
1017,563,0.400,0.600,0.400,0.475,10.000,20.000,8.820199e-42,1.713830e-42,2.227755e-42
249,564,0.400,0.600,0.475,0.550,1.500,3.500,4.487206e-40,5.047061e-41,1.183083e-40
405,565,0.400,0.600,0.475,0.550,3.500,4.500,5.564701e-40,6.208605e-41,1.376807e-40
561,566,0.400,0.600,0.475,0.550,4.500,7.000,3.587949e-40,2.979122e-41,7.872120e-41
717,567,0.400,0.600,0.475,0.550,7.000,8.000,1.404913e-40,2.007167e-41,5.070432e-41
873,568,0.400,0.600,0.475,0.550,8.000,10.000,6.335128e-41,1.044301e-41,2.592396e-41
1029,569,0.400,0.600,0.475,0.550,10.000,20.000,1.302360e-41,2.001845e-42,2.766664e-42
261,570,0.400,0.600,0.550,0.700,1.500,3.500,5.513844e-40,4.522791e-41,1.584438e-40
417,571,0.400,0.600,0.550,0.700,3.500,4.500,8.117862e-40,6.268605e-41,2.056003e-40
573,572,0.400,0.600,0.550,0.700,4.500,7.000,5.189217e-40,2.937666e-41,1.210814e-40
729,573,0.400,0.600,0.550,0.700,7.000,8.000,2.369297e-40,2.324121e-41,8.041500e-41
885,574,0.400,0.600,0.550,0.700,8.000,10.000,9.733271e-41,1.107913e-41,3.523514e-41
1041,575,0.400,0.600,0.550,0.700,10.000,20.000,1.523753e-41,1.801296e-42,3.113657e-42
273,576,0.400,0.600,0.700,0.850,1.500,3.500,6.508996e-40,4.971571e-41,2.326248e-40
429,577,0.400,0.600,0.700,0.850,3.500,4.500,1.528002e-39,7.702618e-41,3.784933e-40
585,578,0.400,0.600,0.700,0.850,4.500,7.000,1.094565e-39,3.850580e-41,2.271906e-40
741,579,0.400,0.600,0.700,0.850,7.000,8.000,4.312702e-40,3.092234e-41,1.129944e-40
897,580,0.400,0.600,0.700,0.850,8.000,10.000,2.001372e-40,1.521383e-41,5.468478e-41
1053,581,0.400,0.600,0.700,0.850,10.000,20.000,2.745343e-41,2.375122e-42,4.975447e-42
285,582,0.400,0.600,0.850,1.000,1.500,3.500,6.040701e-40,3.930196e-41,1.418856e-40
441,583,0.400,0.600,0.850,1.000,3.500,4.500,1.698938e-39,7.014800e-41,2.877977e-40
597,584,0.400,0.600,0.850,1.000,4.500,7.000,1.403207e-39,3.501580e-41,1.760407e-40
753,585,0.400,0.600,0.850,1.000,7.000,8.000,5.387031e-40,3.022233e-41,1.233733e-40
909,586,0.400,0.600,0.850,1.000,8.000,10.000,1.965209e-40,1.260266e-41,4.898044e-41
1065,587,0.400,0.600,0.850,1.000,10.000,20.000,3.138741e-41,2.306048e-42,4.741543e-42
297,588,0.400,0.600,1.000,2.500,1.500,3.500,1.607155e-41,1.997646e-42,4.956413e-42
453,589,0.400,0.600,1.000,2.500,3.500,4.500,9.718052e-41,5.330967e-42,1.757769e-41
609,590,0.400,0.600,1.000,2.500,4.500,7.000,9.477930e-41,2.698820e-42,1.425210e-41
765,591,0.400,0.600,1.000,2.500,7.000,8.000,3.446214e-41,2.032272e-42,9.311377e-42
921,592,0.400,0.600,1.000,2.500,8.000,10.000,1.220203e-41,8.156242e-43,3.248154e-42
1077,593,0.400,0.600,1.000,2.500,10.000,20.000,1.410733e-42,1.678319e-43,4.220037e-43
178,594,0.600,0.799,0.000,0.075,1.500,3.500,8.378130e-42,4.620507e-42,5.267315e-42
334,595,0.600,0.799,0.000,0.075,3.500,4.500,1.628822e-42,2.612548e-42,2.839757e-42
490,596,0.600,0.799,0.000,0.075,4.500,7.000,1.773047e-42,2.207262e-42,2.661886e-42
646,597,0.600,0.799,0.000,0.075,7.000,8.000,9.682037e-44,2.574111e-43,2.718118e-43
802,598,0.600,0.799,0.000,0.075,8.000,10.000,1.628644e-43,5.512358e-43,5.809427e-43
958,599,0.600,0.799,0.000,0.075,10.000,20.000,4.943026e-44,1.094242e-43,1.260328e-43
190,600,0.600,0.799,0.075,0.150,1.500,3.500,2.977589e-41,8.677320e-42,1.041282e-41
346,601,0.600,0.799,0.075,0.150,3.500,4.500,1.185007e-40,2.345298e-41,2.794719e-41
502,602,0.600,0.799,0.075,0.150,4.500,7.000,2.821419e-41,8.720006e-42,1.128276e-41
658,603,0.600,0.799,0.075,0.150,7.000,8.000,5.586372e-42,3.385690e-42,4.346361e-42
814,604,0.600,0.799,0.075,0.150,8.000,10.000,8.661968e-42,5.099764e-42,5.600750e-42
970,605,0.600,0.799,0.075,0.150,10.000,20.000,1.277429e-42,7.955821e-43,8.820816e-43
202,606,0.600,0.799,0.150,0.250,1.500,3.500,4.053999e-41,9.889551e-42,1.845964e-41
358,607,0.600,0.799,0.150,0.250,3.500,4.500,6.685397e-41,1.912450e-41,2.978718e-41
514,608,0.600,0.799,0.150,0.250,4.500,7.000,4.881356e-42,3.107850e-42,6.470573e-42
670,609,0.600,0.799,0.150,0.250,7.000,8.000,3.056580e-42,2.751126e-42,4.216980e-42
826,610,0.600,0.799,0.150,0.250,8.000,10.000,6.480177e-42,3.506776e-42,4.927220e-42
982,611,0.600,0.799,0.150,0.250,10.000,20.000,1.566445e-42,7.689132e-43,8.258890e-43
214,612,0.600,0.799,0.250,0.325,1.500,3.500,5.473490e-42,4.352952e-42,7.461021e-42
370,613,0.600,0.799,0.250,0.325,3.500,4.500,1.411164e-41,9.798226e-42,1.303170e-41
526,614,0.600,0.799,0.250,0.325,4.500,7.000,5.631471e-43,6.054242e-43,7.595128e-43
682,615,0.600,0.799,0.250,0.325,7.000,8.000,6.750818e-43,7.025072e-43,1.073517e-42
838,616,0.600,0.799,0.250,0.325,8.000,10.000,1.622216e-42,1.512021e-42,2.110388e-42
994,617,0.600,0.799,0.250,0.325,10.000,20.000,5.963090e-43,4.105087e-43,4.729561e-43
226,618,0.600,0.799,0.325,0.400,1.500,3.500,9.189812e-41,2.189152e-41,4.057720e-41
382,619,0.600,0.799,0.325,0.400,3.500,4.500,6.038416e-41,2.196895e-41,3.317567e-41
538,620,0.600,0.799,0.325,0.400,4.500,7.000,4.597028e-42,2.852287e-42,5.964324e-42
694,621,0.600,0.799,0.325,0.400,7.000,8.000,1.780804e-42,1.648127e-42,2.956633e-42
850,622,0.600,0.799,0.325,0.400,8.000,10.000,2.552394e-42,2.031592e-42,3.369678e-42
1006,623,0.600,0.799,0.325,0.400,10.000,20.000,7.685496e-43,4.846943e-43,5.653910e-43
238,624,0.600,0.799,0.400,0.475,1.500,3.500,6.831378e-41,2.317066e-41,3.433426e-41
394,625,0.600,0.799,0.400,0.475,3.500,4.500,8.408543e-41,2.833516e-41,3.563868e-41
550,626,0.600,0.799,0.400,0.475,4.500,7.000,9.878926e-42,4.663923e-42,9.241833e-42
706,627,0.600,0.799,0.400,0.475,7.000,8.000,7.024093e-42,3.844431e-42,8.146723e-42
862,628,0.600,0.799,0.400,0.475,8.000,10.000,5.687795e-42,3.223163e-42,6.434855e-42
1018,629,0.600,0.799,0.400,0.475,10.000,20.000,3.223480e-42,1.277226e-42,1.546026e-42
250,630,0.600,0.799,0.475,0.550,1.500,3.500,7.769902e-42,5.334205e-42,8.060180e-42
406,631,0.600,0.799,0.475,0.550,3.500,4.500,1.084538e-41,6.879473e-42,8.587564e-42
562,632,0.600,0.799,0.475,0.550,4.500,7.000,4.166271e-42,2.163230e-42,3.820573e-42
718,633,0.600,0.799,0.475,0.550,7.000,8.000,2.988568e-42,1.792905e-42,3.704415e-42
874,634,0.600,0.799,0.475,0.550,8.000,10.000,3.351177e-42,1.972342e-42,4.502457e-42
1030,635,0.600,0.799,0.475,0.550,10.000,20.000,2.376798e-42,1.074359e-42,1.588019e-42
262,636,0.600,0.799,0.550,0.700,1.500,3.500,1.282165e-41,6.666058e-42,1.658657e-41
418,637,0.600,0.799,0.550,0.700,3.500,4.500,1.373678e-41,6.575309e-42,1.397385e-41
574,638,0.600,0.799,0.550,0.700,4.500,7.000,4.722554e-42,1.949598e-42,5.369292e-42
730,639,0.600,0.799,0.550,0.700,7.000,8.000,5.094697e-42,2.449924e-42,8.674087e-42
886,640,0.600,0.799,0.550,0.700,8.000,10.000,4.057949e-42,2.305091e-42,7.093272e-42
1042,641,0.600,0.799,0.550,0.700,10.000,20.000,1.836525e-42,7.409321e-43,1.260592e-42
274,642,0.600,0.799,0.700,0.850,1.500,3.500,2.439965e-41,9.845423e-42,2.329090e-41
430,643,0.600,0.799,0.700,0.850,3.500,4.500,7.580831e-41,2.265788e-41,7.459811e-41
586,644,0.600,0.799,0.700,0.850,4.500,7.000,1.650425e-41,4.791962e-42,1.377693e-41
742,645,0.600,0.799,0.700,0.850,7.000,8.000,6.492013e-42,3.025947e-42,8.950075e-42
898,646,0.600,0.799,0.700,0.850,8.000,10.000,6.687309e-42,3.312231e-42,1.162723e-41
1054,647,0.600,0.799,0.700,0.850,10.000,20.000,2.774693e-42,1.046312e-42,1.996060e-42
286,648,0.600,0.799,0.850,1.000,1.500,3.500,1.330133e-40,2.201345e-41,6.985903e-41
442,649,0.600,0.799,0.850,1.000,3.500,4.500,3.704490e-40,4.142525e-41,2.020065e-40
598,650,0.600,0.799,0.850,1.000,4.500,7.000,1.932748e-40,1.825740e-41,9.003314e-41
754,651,0.600,0.799,0.850,1.000,7.000,8.000,5.670315e-41,1.084837e-41,4.622767e-41
910,652,0.600,0.799,0.850,1.000,8.000,10.000,2.871113e-41,6.158193e-42,2.418234e-41
1066,653,0.600,0.799,0.850,1.000,10.000,20.000,5.619474e-42,1.518732e-42,3.243768e-42
298,654,0.600,0.799,1.000,2.500,1.500,3.500,1.633946e-41,2.299732e-42,4.510846e-42
454,655,0.600,0.799,1.000,2.500,3.500,4.500,7.770776e-41,4.700277e-42,2.329549e-41
610,656,0.600,0.799,1.000,2.500,4.500,7.000,5.215103e-41,2.280988e-42,1.771242e-41
766,657,0.600,0.799,1.000,2.500,7.000,8.000,1.583796e-41,1.615710e-42,8.749771e-42
922,658,0.600,0.799,1.000,2.500,8.000,10.000,5.942196e-42,7.917104e-43,3.512278e-42
1078,659,0.600,0.799,1.000,2.500,10.000,20.000,4.925778e-43,1.307212e-43,2.698487e-43
